tag,prev_tag_sheet,sp_code,height1,height2,height_method,dbh1,dbh2,dbh_hom,dbh_method,cii,canopy_pos,survival_status,deathdam_status,deathdam_mode,living_length,pct_crown,pct_leaves,degrees_leaning,leaf_damage,wounded_trunk,comment,row_date,unclear_field,unclear_flags
4301,NA,PIEN,1.7,-,T,1.5,1.5,0,C,1,S,A,S,bw,-,100,100,-,Y,-,,,,
4302,NA,ABLA,2.16,-,T,4.0,3.9,0,C,2,S,A,S,bw 5% brown,-,100,90,-,Y,-,bent,,,
4303,NA,PIEN,1.7,-,T,1.9,1.8,0,C,2,S,A,S,,-,100,100,-,N,-,small secondary leader,,,
4304,NA,ABLA,3.1,-,T,4.4,4.5,0,C,1,S,A,S,5% brown BW,-,100,90,-,Y,-,,,,
4305,NA,PIEN,1.4,-,T,1.3,1.3,0,C,1,S,A,S,BW,-,100,90,-,Y,-,,,height1,"height1 unclear (read as 1.4; could be 1.U or other)"
4306,NA,ABLA,17.7,18.0,H,20.3,-,0,T,3,I,A,S,BW 2% red,-,100,90,-,Y,-,bent at base,,,
4307,NA,ABLA,7.2,6.8,H,7.2,-,0,T,1,S,A,S,BW,-,100,90,-,Y,-,2 leaders,,,
4308,NA,ABLA,7.6,7.8,H,12.0,-,0,T,2,I,A,S,2% red,-,90,90,-,Y,1,curved trunk,,,
4309,NA,PIEN,2.4,-,T,3.1,2.8,0,C,1,S,A,S,BW sap,-,100,100,-,Y,-,,,,
4310,NA,PIEN,1.9,-,T,1.3,1.2,0,C,1,S,A,L,bw,-,90,90,15,Y,2,,,,
4311,NA,ABLA,2.5,-,T,2.8,2.8,0,C,1,S,A,S,bw 5%,-,100,90,-,Y,-,,,,
4312,NA,ABLA,2.4,-,T,2.9,2.9,0,C,1,S,A,S,BW burl 15% brown,-,100,100,-,Y,-,,,,
4313,NA,ABLA,2.5,-,T,3.4,3.5,0,C,1,S,A,S,BW 5% brown,-,100,100,-,Y,-,,,,
4314,NA,ABLA,19.7,19.7,H,30.3,-,0,T,4,I,A,S,,-,90,80,-,N,-,2 leaders,,,
4315,NA,ABLA,1.16,-,T,1.1,1.3,0,C,1,S,A,L,1% brown,-,90,90,10,Y,-,,,,
4316,NA,ABLA,9.7,9.8,H,12.5,-,0,T,2,I,A,S,5% red,-,90,90,-,Y,-,check mark in comment,,comment,comment cell on sheet is just a checkmark - not sure what it's confirming
4317,NA,ABLA,2.9,-,T,4.9,5.2,0,C,1,S,A,L,5% brown BW,-,50,80,15,Y,1,2 leaders,,,
4318,NA,ABLA,11.7,11.8,H,14.3,-,0,T,2,I,A,S,BW,-,90,90,-,Y,-,secondary leaders,,,
4319,NA,ABLA,2.0,-,T,2.9,2.8,0,C,1,S,A,S,BW 5% brown,-,100,100,-,Y,-,,,,
4320,NA,ABLA,23.5,23.2,H,34.3,-,0,T,4,C,A,L,,-,80,90,10,N,-,secondary mortality,,comment,comment word hard to read - confirm
4321,NA,PIEN,22.9,22.9,H,26.3,-,0,T,3,C,A,S,BW,-,80,90,-,Y,1,,,,
4322,NA,PIEN,2.4,-,T,4.1,4.5,0,C,2,S,A,S,,-,100,100,-,N,-,,,,
4323,NA,ABLA,12.9,13.2,H,13.5,-,0,T,3,I,A,S,20% red,12.4,80,70,-,Y,2,dead at top; crushed at base,,living_length,living_length value (12.4) is circled on the sheet - confirm what circling means here
4324,NA,PIEN,1.7,-,T,1.7,1.8,0,C,2,S,A,S,bw,-,100,100,-,Y,-,bent at base,,,
4325,NA,PICO,12.5,12.6,H,31.2,-,0,T,2,I,A,S,3% red,-,70,80,-,Y,-,multiple leaders,,,
4326,NA,PIEN,2.2,-,T,2.7,2.0,0.2,C,1,S,A,S,bw,-,100,100,-,Y,-,DBH measured above knob at tag,,,
4327,NA,ABLA,1.7,-,T,1.5,1.4,0,C,1,S,A,S,20% brown,-,100,90,-,Y,-,bend at base,,,
4328,NA,ABLA,4.7,-,J,8.6,-,0,T,3,S,A,S,sap 5% red bw,-,100,90,-,Y,-,,,,
4329,NA,ABLA,23.9,24.3,H,30.0,-,0.1,T,3,I,A,S,bw,-,90,90,-,Y,-,,,,
4330,NA,PIEN,1.7,-,T,1.5,1.4,0,C,3,S,A,S,,-,90,100,-,N,-,,,,
4331,NA,PIEN,18.2,18.3,H,23.0,-,0,T,3,I,A,S,sap,-,80,70,-,N,-,double checked dbh,,,
4332,NA,ABLA,13.7,13.3,H,17.8,-,0,T,3,I,A,S,,-,70,70,-,N,-,,,,
4333,NA,PIEN,15.4,,,NA,,,,,,Dead,S,,,,,,,,,,,tree marked Dead on sheet - most fields blank; confirm blank vs NA reading
4334,NA,ABLA,2.0,-,T,2.0,2.0,0,C,1,S,A,S,bw 5% brown,-,100,90,-,Y,-,,,,
4335,NA,PIEN,23.9,24.1,H,31.4,-,0,T,4,C,A,S,,-,90,80,-,N,-,,,,
4336,NA,ABLA,3.0,-,T,4.0,4.0,0,C,1,S,A,S,bw 1% brown,-,100,100,-,Y,-,,,,
4337,NA,ABLA,1.7,-,T,1.6,1.5,0,C,1,S,A,S,bw 5% brown,-,100,90,-,Y,1,,,,
4338,NA,ABLA,20.7,20.9,H,25.5,-,0,T,4,I,A,S,BW,-,90,90,-,Y,1,,,,
4339,NA,PIEN,22.3,22.5,H,33.8,-,0,T,2,I,A,S,BW 5% red,-,90,90,-,Y,1,,,,
4340,NA,ABLA,10.4,10.6,H,14.6,-,0,T,3,I,A,S,"sap, boreholes",-,90,90,-,N,-,bend at base,,,
4341,NA,ABLA,7.6,7.7,H,12.3,-,0.1,T,2,I,A,S,"BW, sap",-,100,100,-,Y,-,,,comment,comment text unclear - possibly about DBH/tag placement relative to a burl and a nail
4342,NA,ABLA,5.2,-,T,7.5,-,0,T,1,S,A,S,"burl, 10% brown BW",-,90,90,-,Y,-,,,,
4343,NA,PIEN,23.2,23.6,H,52.8,-,0,T,3,I,A,S,,-,70,70,-,N,-,2 leaders,,,
4344,NA,ABLA,4.2,4.5,H,7.0,6.7,0,T,1,S,A,S,BW 5% red,-,100,90,-,Y,1,,,,
4345,NA,ABLA,2.2,-,T,2.7,2.4,0,C,2,S,A,L,BW 5% brown,-,100,60,20,Y,-,bent at base,,,
4346,NA,ABLA,3.0,-,T,3.1,3.6,0,C,1,S,A,S,BW,-,100,90,-,Y,1,,,,
4347,NA,PIEN,22.6,22.3,H,33.7,-,-0.4,T,4,C,A,S,,-,90,90,-,N,-,DBH is 0.9m due to contact with 4348,,,
4348,NA,ABLA,13.2,11.8,H,11.9,-,-0.3,T,1,I,A,S,,-,70,70,-,N,1,DBH is 0.98m due to contact with 4347; bend at base,,dbh_hom,DBH_HOM read as -0.3; could be -0.03 or similar
4349,NA,ABLA,4.3,-,T,6.9,6.8,0,C,1,S,A,S,10% brown BW,-,100,100,-,Y,2,,,,
4350,NA,ABLA,6.7,7.0,H,10.4,-,0,T,2,S,A,S,BW 10% red,-,90,90,-,Y,2,slight bend at base,,,
4351,NA,PIEN,2.1,-,J,2.9,2.6,0,C,1,S,A,S,BW,-,100,90,-,Y,2,,,,
4352,NA,PIEN,2.9,-,T,6.9,-,-0.2,-,2,S,A,S,BW,-,90,90,-,Y,-,bend at base; nail @ 1.1m,,,
4353,NA,PIEN,3.7,-,T,4.7,4.4,0,-,2,S,A,L,BW,-,100,90,10,Y,-,,,,
4354,NA,PIEN,6.1,-,T,8.9,-,0,T,2,S,A,S,BW,-,100,90,-,Y,-,,,,
4355,NA,ABLA,9.6,9.7,H,10.0,-,0,T,2,I,A,S,BW sappy,-,90,90,-,Y,-,measured at nail; nail @ 1.3,,,
4356,NA,PIEN,22.6,22.8,H,34.2,-,0,T,4,C,A,S,BW,-,90,80,-,Y,-,,,,
4357,NA,ABLA,8.1,7.7,H,11.0,-,0,T,1,I,A,S,BW,-,100,80,-,Y,-,,,,
4358,NA,ABLA,5.0,-,T,7.7,-,0,T,2,S,A,S,BW,-,90,90,-,Y,-,,,,
4359,NA,ABLA,15.2,15.3,H,20.4,-,0,T,3,I,A,S,BW,-,100,90,-,Y,-,,,,
4360,NA,ABLA,1.7,-,T,1.5,1.5,0,C,1,S,A,L,,-,80,90,45,N,-,,,,
4361,NA,ABLA,3.3,-,T,4.2,3.9,0,C,2,S,A,S,BW,-,100,90,-,Y,-,,,,
4362,NA,PIEN,1.8,-,T,2.1,2.1,0,C,2,S,A,L,BW,-,100,90,10,Y,-,,,,
4363,NA,PIEN,2.5,-,T,4.4,4.6,0,C,2,S,A,L,,-,80,100,10,N,-,bend at bottom,,,
4364,NA,ABLA,2.1,-,T,2.3,2.3,0,C,1,S,A,S,10% red,1.8,80,90,-,Y,1,secondary leader - 1 dead / dead on top,,,
4365,NA,ABLA,4.0,-,T,5.2,5.8,0,C,1,S,A,S,,-,90,90,-,N,-,,,,
4366,NA,ABLA,5.6,5.7,H,9.3,-,0,C,1,S,A,S,BW,-,100,90,-,Y,-,,,dbh_method,DBH_Method read as C but height method is H for this tree - unusual combination, confirm
4367,NA,ABLA,23.2,23.6,H,34.5,-,0,T,4,C,A,S,"sappy, 2% red",-,50,70,-,Y,-,,2026-08-07,,
4368,NA,ABLA,3.0,-,J,3.0,3.5,0,C,2,S,A,S,,-,70,90,-,N,-,,2026-08-07,,
4369,NA,PIEN,3.8,-,T,4.9,5.0,0,C,2,S,A,L,,-,100,90,10,N,N,,2026-08-07,,
4370,NA,ABLA,1.6,-,T,1.2,1.1,0,C,1,S,OK,S,,-,100,100,-,N,-,,2026-08-07,,
4371,NA,ABLA,4.2,-,T,6.1,-,0,T,1,S,A,L,10% brown,-,90,90,10,Y,-,secondary leader,2026-08-07,,
4372,NA,PIEN,7.4,7.6,H,12.9,-,0,T,2,I,A,S,sappy,-,90,100,-,N,-,,2026-08-07,,
4373,NA,PIEN,24.1,23.8,H,43.5,-,0,T,4,C,A,S,sappy,-,100,90,-,N,-,,2026-08-07,,
4374,NA,PIEN,17.4,,,NA,,,,,,Dead,S,,,,,,,,,2026-08-07,,
4375,NA,ABLA,4.7,-,T,8.8,-,0,T,1,S,A,L,"sappy burl, sappy",-,100,90,10,N,-,,2026-08-07,,
4376,NA,ABLA,11.6,12.1,H,12.8,-,0,T,2,I,A,S,10% red,-,100,90,-,Y,-,prior height likely off,2026-08-07,,
4377,NA,ABLA,3.6,-,T,2.6,2.8,0,C,2,S,A,S,10% red BW,-,100,80,-,Y,-,,2026-08-07,,
4378,NA,ABLA,3.9,-,T,5.6,5.1,0,C,1,S,A,S,10% red,-,70,80,-,Y,2,,2026-08-07,,
4379,NA,ABLA,6.0,-,T,7.9,-,0,T,1,S,A,S,10% red,-,100,90,-,Y,-,,2026-08-07,,
4380,NA,ABLA,2.3,-,T,2.2,2.0,0,C,2,S,A,L,BW,-,90,90,30,Y,-,curvy,2026-08-07,,
4381,NA,ABLA,12.1,11.7,H,14.1,-,0,T,1,I,A,S,10% red,-,100,90,-,Y,-,,2026-08-07,,
4382,NA,PIEN,24.8,25.3,H,43.2,-,0,T,4,C,A,S,,-,70,80,-,N,-,2 leaders,2026-08-07,,
4383,NA,ABLA,1.6,-,T,1.2,1.3,0,C,1,S,A,S,BW 10% red,-,100,90,-,Y,-,,2026-08-07,,
4384,NA,PIEN,1.7,-,T,1.6,1.7,0,C,1,S,A,S,,1.6,80,90,-,N,-,top dead,2026-08-07,,
4385,NA,ABLA,2.3,-,T,2.4,2.4,0,C,1,S,A,S,10% brown,-,100,90,-,Y,-,,2026-08-07,,
4386,NA,ABLA,5.6,5.8,H,6.0,5.7,0,C,1,S,A,S,10% yellow,-,100,90,-,Y,-,,2026-08-07,,
4387,NA,ABLA,6.9,-,T,9.8,-,0,T,3,I,A,S,"10% brown, sappy",-,100,90,-,Y,-,,2026-08-07,,
4388,NA,ABLA,12.0,12.2,H,15.0,-,0,T,3,I,A,S,sappy BW,-,100,90,-,Y,2,,2026-08-07,,
4389,NA,ABLA,4.8,-,J,6.6,6.9,0,C,1,S,A,S,10% red,-,100,90,-,Y,2,checked dbh; prior too big,2026-08-07,,
4390,NA,ABLA,4.3,-,J,5.4,5.9,0,C,1,S,A,S,,-,100,90,-,N,-,,2026-08-07,,
4391,NA,PIEN,0,-,-,2.1,1.9,0,C,1,S,D,L,,-,0,0,90,-,1,leans North; uprooted,2026-08-07,,
4392,NA,ABLA,3.4,-,T,5.2,5.4,0,C,1,S,A,S,10% red,-,90,90,-,Y,-,,2026-08-07,,
4393,NA,PIEN,4.2,-,T,6.9,-,0,T,1,S,A,S,sappy BW,-,80,90,-,Y,-,,2026-08-07,,
4394,NA,PIEN,14.5,14.1,H,19.5,-,0,T,3,I,A,S,,-,90,90,-,N,-,,2026-08-07,,
4395,NA,ABLA,7.8,7.4,H,10.7,-,0,T,1,I,A,S,BW,-,80,90,-,Y,-,,2026-08-07,,
4396,NA,ABLA,2.8,-,T,4.0,3.7,0,C,1,S,A,S,10% red,2.7,90,90,-,Y,2,dead at top,2026-08-07,,
4397,NA,ABLA,2.7,-,T,3.4,3.6,0,C,1,S,A,L,20% red,-,80,80,45,Y,1,,2026-08-07,,
4398,NA,PIEN,2.6,-,T,3.5,3.4,0,C,1,S,A,L,,-,90,80,10,N,-,,2026-08-07,,
4399,NA,PIEN,12.2,12.5,H,13.1,-,0,T,3,I,A,S,sappy,-,90,90,-,N,-,,2026-08-07,,
4400,NA,PIEN,0,-,T,3.3,3.5,0,C,1,S,D,U,,-,0,0,45,-,1,"uprooted, no height above ground",2026-08-07,,
4401,NA,ABLA,17.2,17.4,H,24.5,-,0,T,4,C,A,S,sappy,-,90,90,-,N,-,,2026-08-07,,
4402,NA,ABLA,1.8,-,T,1.6,1.6,0,C,1,S,A,S,sappy BW,-,100,90,-,Y,-,,2026-08-07,,
4403,NA,ABLA,2.2,-,T,2.0,2.0,0,C,1,S,A,S,10% yellow,-,100,90,-,Y,-,,2026-08-07,,
4404,NA,ABLA,1.9,-,T,2.2,2.4,0,C,1,S,A,S,BW,-,100,90,-,Y,-,curvy,2026-08-07,,
4405,NA,ABLA,1.6,-,T,1.7,1.5,0,C,1,S,A,S,BW,-,100,90,-,Y,-,shares base with 4408,2026-08-07,,
4406,NA,ABLA,15.0,15.1,H,15.8,-,0,T,3,I,A,S,10% red,-,100,90,-,Y,-,,2026-08-07,,
4407,NA,PIEN,22.9,,,NA,,,,,,Dead,S,,,,,,,,,2026-08-07,,
4408,NA,ABLA,6.0,-,T,7.0,5.7,0,T,2,S,A,S,BW,-,100,90,-,Y,-,,2026-08-07,,
4409,NA,ABLA,2.7,-,T,2.8,3.0,0,C,2,S,A,L,BW,-,90,80,30,Y,1,shares base with 4410,2026-08-07,,
4410,NA,ABLA,2.1,-,T,3.6,3.6,0,C,1,S,A,L,10% red,-,60,90,10,Y,2,shares base with 4409,2026-08-07,,
4411,NA,ABLA,11.7,12.1,H,12.1,-,0,T,3,I,A,S,BW,9.9,90,90,-,Y,-,dead @ top; shares base with 4410,2026-08-07,living_length,"two living-length values shown (9.9 and 10.4), used first"
4412,NA,ABLA,2.3,-,T,4.5,4.7,0,C,1,S,A,L,BW,2.0,50,90,10,Y,-,dead at top,2026-08-07,,
4413,NA,ABLA,16.0,16.2,H,18.6,-,0,T,4,I,A,S,sappy,-,100,100,-,N,1,,2026-08-07,,
4414,NA,ABLA,15.9,16.3,H,17.5,-,0,T,4,I,A,S,sappy,-,100,100,-,N,-,,2026-08-07,,
4415,NA,ABLA,13.1,13.3,H,19.5,-,0,T,4,I,A,S,sappy,-,100,100,-,N,-,height estimated from 4414,2026-08-07,,
4416,NA,ABLA,2.0,-,T,2.0,1.9,0,C,1,S,A,S,10% red,-,90,80,-,Y,-,,2026-08-07,,
4417,NA,ABLA,1.7,-,T,2.8,3.0,0,C,1,S,A,L,,1.6,70,70,10,N,-,top dead,2026-08-07,,
4418,NA,ABLA,12.6,12.3,H,18.2,-,0,T,3,I,A,S,10% red,-,100,90,-,Y,1,,2026-08-07,,
4419,NA,ABLA,2.1,-,J,3.3,2.8,0,C,1,S,A,L,BW,-,90,80,45,Y,2,shares base with 4420,2026-08-07,,
4420,NA,ABLA,1.8,-,T,2.0,2.3,0,C,1,S,A,L,BW,1.7,50,90,30,Y,2,dead at top; shares base with 4419,2026-08-07,,
4421,NA,PIEN,1.7,-,T,2.1,2.1,0,C,1,S,A,S,,1.4,60,100,-,N,-,top dead,2026-08-07,,
4422,NA,ABLA,2.0,-,T,2.9,3.1,0,C,1,S,A,S,BW,-,100,90,-,Y,2,,2026-08-07,,
4423,NA,ABLA,2.1,-,T,2.0,2.0,0,C,1,S,A,S,BW,-,100,90,-,Y,-,,2026-08-07,,
4424,NA,ABLA,3.1,-,T,3.3,3.5,0,C,1,S,A,S,10% red BW,-,100,80,-,Y,-,,2026-08-07,,
4425,NA,PIEN,3.1,-,T,7.3,-,0,T,1,S,A,S,2% red,2.7,50,70,-,N,-,dead at top; shares base with 4426; bend at base,2026-08-07,,
4426,NA,PIEN,5.3,5.5,H,7.8,-,0,T,2,S,A,S,,-,90,80,-,N,-,shares base with 4425,2026-08-07,,
4427,NA,PIEN,1.8,-,T,2.4,3.4,0,C,1,S,A,L,,-,80,100,10,N,-,2 leaders; 1 dead,2026-08-07,,
4428,NA,PIEN,2.6,-,T,5.9,6.1,0,C,2,S,A,L,sappy,-,60,100,45,N,2,bent over,2026-08-07,,
4429,NA,ABLA,13.0,13.2,H,13.1,-,0,T,3,I,A,S,10% brown,-,100,90,-,Y,2,DBH at tag (DBH at 1.2),2026-08-07,,
4430,NA,PIEN,3.4,-,T,5.8,-,0,T,1,S,A,S,BW,-,100,90,-,Y,2,,2026-08-07,,
4431,NA,PIEN,3.6,3.3,T,9.3,-,0,T,1,S,A,L,dead crown,-,50,70,30,N,-,2 leaders; one dead,2026-08-07,,
4432,NA,ABLA,1.9,-,T,1.4,1.3,0,C,1,S,A,S,10% red,-,100,90,-,Y,-,,2026-08-07,,
4433,NA,PIEN,2.6,-,T,5.0,4.6,0,C,1,S,A,S,BW,-,100,80,-,Y,2,"curvy; 2 leaders, 1 dead",2026-08-07,,
4434,NA,ABLA,17.5,17.6,H,27.8,-,0,T,4,C,A,S,10% brown,-,60,70,-,Y,2,,2026-08-07,,
4435,NA,PIEN,1.6,-,T,1.7,1.8,0,C,1,S,A,L,10% red,-,80,90,5,Y,1,,2026-08-07,,
4436,NA,PIEN,10.3,10.4,H,13.8,-,0,T,4,I,A,S,,-,80,90,-,Y,-,,2026-08-07,,
4437,NA,PIEN,3.1,-,T,7.1,-,0,T,1,S,A,L,BW,-,90,90,10,Y,-,bend at base; leader dead,2026-08-07,,
4438,NA,PIEN,1.7,-,T,2.4,2.4,0,C,1,S,A,S,10% yellow,-,100,90,-,Y,-,dead leader; crown on one side,2026-08-07,,
4439,NA,ABLA,2.1,-,T,3.0,3.1,0,C,1,S,A,S,BW,1.9,70,90,-,Y,-,curved at base; sappy,2026-08-07,,
4440,NA,ABLA,4.3,-,T,5.6,-,0,T,1,S,A,S,"BW, 10% yellow",-,100,90,-,Y,-,,2026-08-07,,
4441,NA,PIEN,3.0,-,T,4.5,4.5,0,C,1,S,A,L,10% yellow,-,80,90,15,Y,1,leans North,2026-08-07,,
4442,NA,ABLA,20.0,19.8,H,21.4,-,0,T,4,C,A,C,5% red,-,60,70,0,Y,-,shares base with 4443; cracked bark,2026-08-07,,
4443,NA,PIEN,9.5,9.8,H,14.1,-,0,T,2,S,A,S,,-,90,80,0,Y,1,shares base with 4442,2026-08-07,,
4444,NA,PIEN,2.9,-,T,2.6,2.6,0,C,1,S,A,S,BW,-,100,100,0,Y,-,,2026-08-07,,
4445,NA,ABLA,2.0,-,T,1.7,1.5,0,C,1,S,A,L,,-,80,90,5,N,2,secondary leader,2026-08-07,,
4446,NA,ABLA,9.4,9.4,H,12.6,-,0,T,3,I,A,S,10% brown,-,100,90,-,Y,1,,2026-08-07,,
4447,NA,ABLA,6.3,6.6,H,9.8,-,0,T,1,I,A,S,3% red brown,-,70,80,-,Y,1,,2026-08-07,,
4448,NA,ABLA,12.2,12.4,H,16.8,-,0,T,3,I,A,S,"BW, 2% red",-,80,90,-,Y,1,,2026-08-07,,
4449,NA,ABLA,1.5,-,T,1.0,1.0,0,T,1,S,A,L,BW,-,90,100,5,Y,-,,2026-08-07,,
4450,NA,ABLA,2.5,-,T,3.5,3.5,0,C,1,S,A,S,"BW, 20% red",-,90,90,-,Y,2,,2026-08-07,,
4451,NA,PIEN,5.2,5.6,H,6.0,-,0,T,2,S,A,S,"BW, 10% red",-,100,90,-,Y,-,,2026-08-07,,
4452,NA,ABLA,8.5,8.2,H,10.6,-,0,T,2,I,A,S,BW,-,70,80,-,Y,1,,2026-08-07,,
4453,NA,ABLA,1.7,-,H,1.3,1.2,0,C,1,S,A,L,10% yellow,-,90,90,10,Y,-,curvy,2026-08-07,,
4454,NA,PIEN,6.8,7.2,H,9.1,-,0,T,2,I,A,S,BW,-,90,90,-,Y,-,sappy; bend at base,2026-08-07,,
4455,NA,PIEN,2.3,-,T,2.6,2.7,0,C,1,S,A,S,10% red,-,80,90,-,Y,-,,2026-08-07,,
4456,NA,ABLA,20.4,20.1,H,25.8,-,0,T,4,C,A,S,BW,-,80,90,-,Y,2,,2026-08-07,,
4457,NA,ABLA,1.9,-,T,2.8,2.9,0,C,1,S,A,L,10% red,-,90,90,45,Y,1,leans Northeast; branch is highest point,2026-08-07,,
4458,NA,ABLA,7.7,7.7,H,11.5,-,0,T,2,I,A,S,BW,-,100,90,-,Y,-,,2026-08-07,,
4459,NA,ABLA,2.0,-,T,3.4,3.2,0,C,1,S,A,S,"BW, 10% red",-,100,90,-,Y,-,crown on one side,2026-08-07,,
4460,NA,ABLA,2.7,-,T,5.2,5.7,0,C,1,S,A,L,,2.3,60,90,30,N,1,leans South; dead at top,2026-08-07,,
4461,NA,ABLA,11.3,11.4,H,13.4,-,0,T,3,I,A,S,2% red,-,90,90,-,Y,1,,2026-08-07,,
4462,NA,ABLA,1.9,2.3,T,2.0,1.8,0,C,1,S,A,L,BW,-,100,90,45,Y,1,past DBH wrong,2026-08-07,,
4463,NA,ABLA,3.0,-,T,4.0,3.7,0,C,1,S,A,S,,-,90,90,-,N,2,shares base with 4464; sappy,2026-08-07,,
4464,NA,ABLA,1.5,-,T,1.9,2.1,0,C,1,S,A,S,5% red,-,60,90,-,Y,2,"shares base with 4463; 2 leaders, dead top",2026-08-07,,
4465,NA,ABLA,2.9,-,T,4.5,4.1,0,C,1,S,A,S,,-,80,100,-,N,-,,2026-08-07,,
4466,NA,ABLA,7.5,7.2,H,11.9,-,0,T,3,I,A,S,BW,-,80,80,-,Y,-,,2026-08-07,,
4467,NA,PIEN,,,,NA,,,,,,Dead,S,,,,,,,,,2026-08-07,,
4468,NA,ABLA,5.3,-,T,10.3,-,0,C,2,S,A,S,,-,90,90,-,N,-,,2026-08-07,,
4469,NA,PIEN,2.4,-,T,3.5,3.4,0,C,1,S,A,S,,-,70,70,-,N,-,cracks,2026-08-07,,
4470,NA,PIEN,2.3,-,T,2.8,3.1,0,C,1,S,A,S,,-,90,80,-,N,-,,2026-08-07,,
4471,NA,ABLA,3.2,-,T,4.5,4.5,0,C,1,S,A,S,3% red,-,60,70,-,N,-,,2026-08-07,,
4472,NA,ABLA,2.3,-,T,3.2,3.8,0,C,1,S,A,S,2% red,-,80,80,-,Y,2,,2026-08-07,,
4473,NA,ABLA,2.2,-,T,2.8,3.0,0,C,1,S,A,L,90% brown BW,-,70,90,20,Y,1,leans North; bend @ base,2026-08-07,,
4474,NA,PIEN,3.0,-,T,4.1,4.5,0,C,2,S,OK,S,,-,100,100,-,N,-,bend @ base,2026-08-07,,
4475,NA,PIEN,1.7,-,T,1.6,1.5,0,C,1,S,OK,S,,-,100,100,-,N,-,,2026-08-07,,
4476,NA,PIEN,1.6,-,T,1.3,1.4,0,C,1,S,OK,S,,-,100,100,-,N,-,,2026-08-07,,
4477,NA,ABLA,2.9,-,T,1.8,1.7,0,C,1,S,A,L,20% red,-,100,100,40,N,-,,2026-08-07,,
4478,NA,ABLA,1.8,-,T,1.4,1.5,0,C,2,S,A,S,"BW, 20% yellow",-,100,90,0,Y,-,3 leaders,2026-08-07,,
4479,NA,ABLA,8.0,7.6,H,10.9,-,0,T,3,I,A,S,BW,-,90,90,-,Y,-,,2026-08-07,,
4480,NA,ABLA,5.0,-,T,6.9,6.3,0,C,1,S,A,L,BW,-,100,90,10,Y,-,leans Northeast,2026-08-07,,
4481,NA,ABLA,4.3,-,T,6.0,5.1,0,C,1,S,A,S,BW,-,90,90,-,Y,-,,2026-08-07,,
4482,NA,ABLA,2.2,-,T,2.6,2.7,0,C,1,S,A,S,"BW, sap",-,100,90,-,Y,1,,2026-08-07,,
4483,NA,ABLA,3.7,-,T,5.3,5.1,0,C,2,S,A,S,10% red,-,100,90,-,Y,-,,2026-08-07,,
4484,NA,ABLA,6.9,-,T,8.5,-,0,T,2,I,A,S,BW,-,100,90,-,Y,1,,2026-08-07,,
4485,NA,ABLA,5.3,-,T,5.9,5.4,0,C,1,S,A,S,"BW, 10% red",-,90,90,-,Y,-,,2026-08-07,,
4486,NA,ABLA,4.6,-,T,5.7,5.4,0,C,1,S,A,S,,-,100,90,-,N,-,,2026-08-07,,
4487,NA,ABLA,7.7,7.4,H,11.1,-,0,T,2,S,A,S,BW,-,100,80,-,Y,-,,2026-08-07,,
4488,NA,ABLA,18.8,18.6,H,35.2,-,0,T,4,C,A,S,"sappy, 10% red",-,60,60,-,Y,-,,2026-08-07,,
4489,NA,ABLA,2.6,-,T,3.6,3.5,0,C,1,S,A,S,BW,-,100,90,-,Y,-,,2026-08-07,,
4490,NA,ABLA,2.2,-,T,2.5,2.6,0,C,1,S,A,S,"BW, 10% yellow",-,100,90,-,Y,-,,2026-08-07,,
4491,NA,ABLA,1.9,-,T,2.0,2.1,0,C,1,S,A,S,BW,-,100,90,-,Y,-,,2026-08-07,,
4492,NA,ABLA,4.7,4.5,T,4.9,5.0,0,C,1,S,A,S,BW,-,100,90,-,Y,-,,2026-08-07,,
4493,NA,PIEN,1.5,-,T,1.3,1.4,0,C,1,S,A,S,,-,90,80,-,Y,2,top broken,2026-08-07,,
4494,NA,PICO,14.3,14.6,H,28.1,-,0,T,3,I,A,S,10% red,-,80,90,-,Y,-,,2026-08-07,,
4495,NA,ABLA,13.1,13.3,H,13.9,-,0,T,3,I,A,S,BW,-,100,90,-,N,-,shares base with 4496,2026-08-07,,
4496,NA,ABLA,13.4,13.7,H,12.7,-,0,T,3,I,A,S,,-,100,90,-,Y,-,top dead,2026-08-07,,
4497,NA,ABLA,1.5,-,T,1.3,1.4,0,C,1,S,A,S,"10% yellow",-,100,90,-,Y,-,,2026-08-07,,
4498,NA,ABLA,1.7,-,T,1.7,1.5,0,C,1,S,A,S,"BW, 10% red",-,100,90,-,Y,-,,2026-08-07,,
4499,NA,ABLA,1.5,-,T,1.7,1.5,0,C,1,S,A,S,10% red,-,90,90,-,Y,-,,2026-08-07,,
4500,NA,ABLA,2.6,-,T,4.2,4.4,0,C,1,S,A,S,"10% yellow, BW",-,90,90,-,Y,-,,2026-08-07,,
4501,NA,ABLA,7.9,7.6,H,8.2,-,0,T,2,I,A,S,10% red,-,100,90,-,Y,-,secondary leader; new tag 1301; collar replaced w/ nail,2026-08-07,,
4502,NA,PIEN,13.3,13.5,H,20.9,-,0,T,4,I,A,S,,-,90,90,-,Y,-,bend in trunk halfway up,2026-08-07,,
4503,NA,UNKN,,,,NA,,,,,,Dead,S,,,,,,,,,2026-08-07,,
4504,NA,ABLA,9.6,9.3,H,12.6,-,0.1,T,2,I,A,S,"BW 10% orange",-,100,90,-,Y,-,measured @ 1.4m; bend at base,2026-08-07,,
4505,NA,PIEN,12.3,12.5,H,20.9,-,0,T,3,I,A,S,10% red,10.6,60,80,-,Y,-,measured above branch,2026-08-07,living_length,"two living-length values shown (10.6 and 10.9), used first"
4506,NA,ABLA,4.6,-,T,5.8,6.0,0,C,1,S,A,S,10% red BW,-,100,90,-,Y,-,,2026-08-07,,
4507,NA,ABLA,3.7,-,T,6.0,6.2,0,C,1,S,A,S,BW,-,90,90,-,Y,-,bent over at top,2026-08-07,,
4508,NA,ABLA,5.5,-,T,6.8,6.4,0,C,2,S,A,S,sappy,-,90,90,-,N,1,,2026-08-07,,
4509,NA,ABLA,15,,,NA,,,,,,Dead,S,,,,,,,,,2026-08-07,,
4510,NA,PIEN,18.6,,,NA,,,,,,Dead,S,,,,,,,,,2026-08-07,,
4511,NA,ABLA,11.0,11.3,H,17.8,-,0,T,3,I,A,S,sap,-,90,90,-,N,-,wrinkly bark,2026-08-07,,
4512,NA,ABLA,3.9,-,T,5.1,5.1,0,C,2,S,A,S,BW,-,100,80,-,Y,-,,2026-08-07,,
4513,NA,ABLA,11.2,11.3,H,15.1,-,0,T,2,I,A,S,"BW, 3% red",-,100,100,-,Y,-,,2026-08-07,,
4514,NA,ABLA,3.2,-,T,4.5,4.6,0,C,1,S,A,S,5% brown BW,-,100,90,-,Y,-,,2026-08-07,,
4515,NA,PICO,18.7,18.3,H,34.8,-,0,T,3,I,A,L,3% red,-,50,60,15,Y,-,leans South; 2 leaders,2026-08-07,,
4516,NA,ABLA,2.2,-,T,2.1,2.3,0,C,1,S,A,S,"BW, 5% brown",-,100,80,-,Y,-,bent @ base,2026-08-07,,
4517,NA,ABLA,1.6,-,T,1.3,1.2,0,C,1,S,A,S,BW,-,100,90,-,Y,1,bent @ base,2026-08-07,,
4518,NA,ABLA,2.2,-,T,2.8,2.6,0,C,1,S,A,S,BW,-,100,100,-,Y,1,,2026-08-07,,
4519,NA,ABLA,2.1,-,T,2.2,2.0,0,C,1,S,A,S,"BW, 5% brown",-,100,90,-,Y,-,,2026-08-07,,
4520,NA,ABLA,2.6,-,T,2.6,2.9,0,C,2,S,A,S,BW,-,80,90,-,Y,2,kink in trunk above dbh,2026-08-07,,
4521,NA,ABLA,5.9,5.7,H,8.8,-,0,T,2,S,A,S,,-,100,90,-,N,1,new tag 1302; replaced collar w/ nail,2026-08-07,,
4522,NA,ABLA,11.7,11.5,H,15.5,-,0,T,2,I,A,S,,-,100,90,-,N,1,,2026-08-07,,
4523,NA,PIEN,19.4,19.6,H,33.8,-,0,T,4,C,A,S,,-,90,90,-,N,-,,2026-08-07,,
4524,NA,ABLA,5.6,-,T,9.1,-,0,T,2,S,A,S,BW,-,100,90,-,Y,-,,2026-08-07,,
4525,NA,UNKN,,,,NA,,,,,,Dead,S,,,,,,,,,2026-08-07,,
4526,NA,ABLA,4.6,-,T,7.6,5.9,0,C,2,S,A,S,,-,100,90,-,N,-,2 leaders - 1 leader dead,2026-08-07,,
4527,NA,ABLA,3.3,-,T,5.1,4.5,0,C,1,S,A,S,10% red,-,100,100,-,Y,-,,2026-08-07,,
4528,NA,ABLA,6.5,6.5,H,18.6,-,0,T,1,I,A,S,BW,-,100,90,-,Y,-,,2026-08-07,,
4529,NA,PICO,16.1,16.1,H,34.6,-,0,T,4,I,A,S,,-,90,100,-,N,-,,2026-08-07,,
4530,NA,PIEN,9.8,9.9,H,19.9,-,0,T,3,I,A,L,,9.2,80,100,10,N,-,dead leader,2026-08-07,,
4531,NA,PIEN,0.6,-,T,1.1,1.3,0,C,2,S,A,X,BW,-,60,70,70,Y,2,severe lean East,2026-08-07,,
4532,NA,ABLA,2.5,-,T,2.5,2.3,0,C,1,S,A,S,"BW, 10% red",-,100,90,-,Y,1,,2026-08-09,,
4533,NA,PIEN,19.1,19.2,H,26.0,-,0,T,3,I,A,S,BW,-,70,80,-,Y,-,,2026-08-09,,
4534,NA,ABLA,10.0,10.2,H,14.6,-,0,T,2,I,A,S,BW,-,100,90,-,Y,-,measured above branch,2026-08-09,,
4535,NA,ABLA,3.8,-,T,6.0,6.8,0,C,1,S,A,S,"20% brown BW",-,100,100,-,Y,1,shares base with 4537,2026-08-09,,
4536,NA,ABLA,2.4,-,T,3.4,3.3,0,C,1,S,A,S,"BW 10% brown",-,100,100,-,Y,-,,2026-08-09,,
4537,NA,ABLA,5.6,-,T,8.2,-,0.1,C,1,S,A,S,5% brown,-,100,100,-,Y,1,shares base with 4535; measured @ nail; replaced collar w/ nail,2026-08-09,,
4538,NA,ABLA,8.4,8.0,H,11.5,-,0,T,1,I,A,S,3% red,-,90,80,-,Y,-,shares base with 4535,2026-08-09,,
4539,NA,ABLA,5.9,6.1,H,7.7,-,0,T,1,S,A,S,,-,90,80,-,N,-,,2026-08-09,,
4540,NA,ABLA,14.9,15.0,H,15.6,-,0,T,2,I,A,S,,-,80,80,-,N,-,,2026-08-09,,
4541,NA,ABLA,10.4,10.9,H,13.8,-,0,T,2,I,OK,S,,-,100,100,-,N,-,,2026-08-09,,
4542,NA,PIEN,25.6,26.0,H,45.2,-,0,T,4,C,A,S,sap,-,90,90,-,N,-,,2026-08-09,,
4543,NA,ABLA,8.2,8.5,H,11.3,-,0,T,2,S,A,S,,-,100,100,-,N,1,,2026-08-09,,
4544,NA,ABLA,2.0,-,T,3.4,3.8,0,C,2,S,A,S,"5% brown, BW",1.9,80,90,-,Y,-,multiple leaders; dead at top,2026-08-09,,
4545,NA,ABLA,2.2,-,T,2.1,2.1,0,C,2,S,A,L,"20% brown bw",-,60,80,5,Y,-,,2026-08-09,,
4546,NA,ABLA,14.0,14.2,H,15.7,-,0,T,3,I,A,S,,-,90,90,-,Y,N,bw,2026-08-09,,
4547,NA,ABLA,2.0,-,T,2.4,2.3,0,C,1,S,A,S,"BW 5% brown",-,100,90,-,Y,-,,2026-08-09,,
4548,NA,ABLA,4.5,-,T,7.6,-,0,T,2,S,A,S,BW,-,90,90,-,Y,-,,2026-08-09,,
4549,NA,PIEN,20.3,20.6,H,28.1,-,0,T,3,C,A,S,bw,-,80,70,-,Y,-,,2026-08-09,,
4550,NA,ABLA,9.7,9.3,H,13.5,-,0,T,1,S,A,S,5% red,-,80,80,-,Y,-,measured above branch,2026-08-09,,
4551,NA,ABLA,9.4,9.6,H,13.9,-,0,T,1,S,A,S,5% red,-,100,100,-,Y,-,,2026-08-09,,
4552,NA,ABLA,1.6,-,T,1.1,1.2,0,C,1,S,A,S,bw,-,100,90,-,Y,-,,2026-08-09,,
4553,NA,ABLA,4.1,-,T,6.1,6.2,0,C,1,S,A,L,,-,80,70,20,N,2,leans Northwest,2026-08-09,,
4554,NA,ABLA,2.0,-,T,3.4,3.2,0,C,1,S,A,L,10% brown,-,70,60,10,Y,1,,2026-08-09,,
4555,NA,ABLA,9.2,9.2,H,10.7,-,0,T,1,S,A,S,5% yellow,-,100,90,-,Y,-,,2026-08-09,,
4556,NA,PIEN,24.6,24.2,H,28.1,-,0,T,4,C,A,S,,-,70,70,-,N,-,,2026-08-09,,
4557,NA,ABLA,5.1,-,T,7.4,6.9,0,T,1,S,A,S,,-,100,100,-,N,-,,2026-08-09,,
4558,NA,ABLA,3.3,-,T,5.8,6.0,0,C,1,S,A,L,10% brown,-,90,90,45,Y,2,,2026-08-09,,
4559,NA,ABLA,2.5,-,T,3.5,3.3,0,C,1,S,A,S,bw,-,100,90,-,Y,-,,2026-08-09,,
4560,NA,PIEN,22.2,22.0,H,22.7,-,0,T,4,I,A,S,"bw, 5% red",-,80,80,-,Y,-,,2026-08-09,,
4561,NA,ABLA,7.3,7.0,H,11.6,-,0,T,1,S,A,S,"sap, 3% red",-,90,80,-,Y,-,2 leaders,2026-08-09,,
4562,NA,ABLA,6.9,7.0,H,7.7,-,0,T,1,S,A,S,,-,90,90,-,N,-,,2026-08-09,,
4563,NA,ABLA,7.4,7.5,H,11.9,-,0,T,2,S,A,S,bw,-,90,90,-,Y,-,,2026-08-09,,
4564,NA,ABLA,6.4,6.8,H,8.2,-,0,T,1,S,A,S,,-,100,90,-,N,-,,2026-08-09,,
4565,NA,ABLA,2.0,-,T,1.8,1.8,0,C,1,S,A,L,5% brown,-,100,80,5,Y,2,,2026-08-09,,
4566,NA,ABLA,3.9,-,T,6.4,7.8,0.1,C,1,S,A,L,5% brown,-,80,90,10,Y,-,replace collar w/ nail @ 1.3m - no HOM,2026-08-09,,
4567,NA,ABLA,8.4,8.4,H,10.3,-,0,T,1,S,A,S,bw,-,80,80,-,Y,-,,2026-08-09,,
4568,NA,ABLA,4.5,-,T,5.8,5.8,0,C,1,S,A,S,5% brown,-,100,90,-,Y,-,,2026-08-09,,
4569,NA,ABLA,2.0,-,T,2.5,2.6,0,C,1,S,A,S,BW,-,100,90,-,Y,-,,2026-08-09,,
4570,NA,ABLA,2.3,-,T,2.1,2.1,0,C,1,S,A,S,BW,-,80,90,-,Y,-,,2026-08-09,,
4571,NA,PIEN,23.5,23.5,H,30.5,-,0,T,4,C,A,S,,-,90,80,-,N,-,,2026-08-09,,
4572,NA,ABLA,1.8,-,T,2.0,1.8,0,C,1,S,A,S,BW,-,100,100,-,Y,-,,2026-08-09,,
4573,NA,PIEN,22.4,22.2,H,30.7,-,0,T,3,C,A,L,BW,-,90,90,5,Y,-,shares base with 4574,2026-08-09,,
4574,NA,PIEN,20.9,21.3,H,30.1,-,0,T,2,I,A,S,"sap BW",-,80,80,-,Y,-,shares base with 4573,2026-08-09,,
4575,NA,ABLA,5.9,6.1,H,9.6,-,0,T,2,S,A,L,BW,-,100,90,10,Y,-,measured just under nail to avoid branch,2026-08-09,,
4576,NA,ABLA,23.1,,,NA,,,,,,Dead,L,,,,,,10,,,2026-08-09,,
4577,NA,ABLA,5.0,5.3,H,9.0,-,0,T,1,S,A,S,BW,-,100,100,-,Y,-,,2026-08-09,,
4578,NA,PIEN,17.8,17.9,H,22.2,-,0,T,3,I,A,L,,-,90,80,10,N,-,leans E,2026-08-09,,
4579,NA,PIEN,27.1,27.3,H,42.8,-,0,T,4,D,A,S,BW,-,100,90,-,Y,-,,2026-08-09,,
4580,NA,ABLA,6.7,6.8,H,11.7,-,0,T,2,S,A,S,"sappy, bw, 3% red",-,90,90,-,Y,1,,2026-08-09,,
4581,NA,ABLA,9.3,9.4,H,12.7,-,0,T,2,I,A,S,"bw, sap",-,90,80,-,Y,-,bend @ base,2026-08-09,,
4582,NA,ABLA,3.0,-,T,4.4,5.2,0,C,1,S,A,S,bw,-,100,100,-,Y,-,,2026-08-09,,
4583,NA,UNKN,,,,NA,,,,,,Dead,S,,,,,,,,,2026-08-09,,
4584,NA,ABLA,3.3,-,T,5.6,-,0,T,1,S,A,S,bw,-,90,100,-,Y,2,,2026-08-09,,
4585,NA,PIEN,19.8,20.1,H,30.9,-,0,T,3,I,A,S,10% red,18.3,50,70,-,Y,-,bird nests (2-3) @ top,2026-08-09,,
4586,NA,PIEN,21.8,21.9,H,34.9,-,0,T,4,C,A,S,bw,-,90,80,-,Y,-,,2026-08-09,,
4587,NA,ABLA,2.8,-,T,4.0,4.4,0,C,1,S,A,S,bw,-,100,90,-,Y,-,,2026-08-09,,
4588,NA,ABLA,3.7,-,T,6.5,7.5,0,C,1,S,A,S,1% brown,-,80,60,-,Y,-,,2026-08-09,,
4589,NA,PIEN,20.1,20.5,H,31.4,-,0.2,T,3,I,A,S,sappy,-,70,80,-,N,-,measured @ nail,2026-08-09,,
4590,NA,ABLA,6.5,6.7,H,9.3,-,0.4,T,1,S,A,S,"10% brown BW",-,100,100,-,Y,-,multiple bends,2026-08-09,,
4591,NA,ABLA,6.6,6.8,H,8.0,-,0,T,1,S,A,S,"10% brown BW",-,100,100,-,Y,-,collar @ HOM 0.2; collar replaced w/ nail @ 1.3,2026-08-09,,
4592,NA,ABLA,1.9,-,T,2.5,2.5,0,C,1,S,A,D,100% red,-,0,50,25,Y,2,,2026-08-09,,
4593,NA,PIEN,22.9,23.1,H,30.6,-,0,T,4,C,A,S,,-,80,80,-,N,-,,2026-08-09,,
4594,NA,ABLA,2.5,-,T,4.9,4.8,0,C,1,S,A,S,BW,-,100,100,-,Y,-,,2026-08-09,,
4595,NA,ABLA,12.0,11.7,H,17.1,-,0,T,2,I,A,S,1% red,-,100,100,-,Y,-,,2026-08-09,,
4596,NA,ABLA,1.9,-,J,2.0,2.1,0,C,2,S,A,S,BW,-,100,90,-,Y,-,,2026-08-09,,
4597,NA,PIEN,2.3,-,T,6.8,-,0,T,2,S,A,L,"beetle holes, bubbly sap",-,90,80,40,N,-,beetle East; leans North,2026-08-09,,
4598,NA,ABLA,2.0,-,T,2.8,2.8,0,C,3,S,A,S,"BW 10% brown",-,100,100,-,Y,1,,2026-08-09,,
4599,NA,PIEN,1.8,-,T,1.7,1.6,0,C,2,S,A,S,BN,-,100,70,-,Y,-,,2026-08-09,,
4600,NA,ABLA,9.1,8.9,H,12.4,-,0,T,3,I,A,S,BW,-,90,90,-,Y,-,,2026-08-09,,
4601,NA,ABLA,2.1,-,T,3.6,3.6,0,C,1,S,A,L,15% brown,-,70,70,20,Y,2,dead at top; under deadfall,2026-08-09,,
4602,NA,ABLA,3.1,-,T,5.5,5.2,0,C,2,S,A,S,"BW 5% brown",-,100,90,-,Y,-,,2026-08-09,,
4603,NA,ABLA,3.6,-,T,4.8,4.9,0,C,2,S,A,S,BW,-,100,90,-,Y,-,bent @ base,2026-08-09,,
4604,NA,PIEN,15.2,15.0,T,17.0,-,0,T,3,I,A,S,,-,80,80,-,N,-,,2026-08-09,,
4605,NA,ABLA,2.1,-,T,2.4,2.4,0,C,1,S,A,S,bw,-,100,100,-,Y,-,,2026-08-09,,
4606,NA,PIEN,1.7,-,T,1.6,1.7,0,C,1,S,A,L,bw,-,80,100,10,Y,-,2 leaders; measured below tag and below split,2026-08-09,,
4607,NA,ABLA,9.7,9.6,H,17.0,-,0,T,2,I,A,S,"sappy, top cracked, 15% red",-0.1,90,80,-,Y,2,scraped by fallen,2026-08-09,,
4608,NA,PIEN,23.7,23.9,H,37.0,-,0,T,4,C,A,S,,-,90,80,-,N,-,,2026-08-09,,
4609,NA,ABLA,8.1,8.3,H,14.3,-,0,T,2,I,A,S,5% red,-,90,80,-,Y,1,scraped by fallen,2026-08-09,,
4610,NA,ABLA,5.6,-,T,7.0,6.4,0,C,1,S,A,S,5% brown,-,100,100,-,Y,-,shares base with 4611,2026-08-09,,
4611,NA,ABLA,3.9,-,T,6.3,6.5,0,C,2,S,A,S,"1% brown, bw",-,100,100,-,Y,-,shares base with 4610,2026-08-09,,
4612,NA,PIEN,2.0,-,T,2.0,2.1,0,C,2,S,A,S,bw,-,100,100,-,Y,0,bw,2026-08-09,,
4613,NA,ABLA,2.1,-,T,2.3,2.3,0,C,1,S,A,S,"5% brown BW",-,100,100,-,Y,1,measured below tag's branches,2026-08-09,,
4614,NA,ABLA,4.2,-,T,5.5,5.5,0,C,2,S,A,S,"5% red bw",-,90,80,-,Y,-,,2026-08-09,,
4615,NA,ABLA,1.9,-,T,3.6,3.1,0,C,1,S,A,L,10% red,1.8,30,60,15,Y,0,dead @ top; secondary leader,2026-08-09,,
4616,NA,ABLA,1.6,-,T,1.4,1.5,0,C,1,S,A,S,20% brown,-,80,80,-,Y,-,,2026-08-09,,
4617,NA,PICO,13.0,13.3,H,26.0,-,0,T,3,I,D,S,100% red,-,0,30,-,Y,-,height to highest living = 5.4,2026-08-09,,
4618,NA,ABLA,3.2,-,T,4.3,4.3,0,C,1,S,A,S,bw,-,80,80,-,Y,-,,2026-08-09,,
4619,NA,ABLA,2.8,-,T,3.1,3.1,0,C,2,S,A,S,"BW, 5% brown",-,100,80,-,Y,-,,2026-08-09,,
4620,NA,PIEN,21.6,21.8,H,31.7,-,0,T,4,C,A,S,,-,70,60,-,N,-,,2026-08-09,,
4621,NA,ABLA,2.0,-,J,2.5,2.4,0,C,1,S,A,S,"30% yellow, BW",-,90,90,-,Y,-,shares base with 4622,2026-08-09,,
4622,NA,ABLA,1.8,-,T,1.6,1.6,0,C,1,S,A,S,BW,-,100,90,-,Y,-,shares base with 4621,2026-08-09,,
4623,NA,PIEN,26.1,25.9,H,46.8,-,0,T,4,C,A,S,,-,80,90,-,N,-,,2026-08-09,,
4624,NA,ABLA,22.4,22.3,H,32.8,-,0,T,3,C,A,S,5% red,-,70,70,-,Y,-,cracks in trunk,2026-08-09,,
4625,NA,ABLA,,,,NA,,,,,,Dead,U,,,,,,,,,2026-08-09,,
4626,NA,ABLA,,,,NA,,,,,,Dead,L,,,,,10,,,,2026-08-09,,
4627,NA,PIEN,17.3,,,NA,,,,,,Dead,S,,,,,,,,,2026-08-09,,
4628,NA,ABLA,16.2,,,NA,,,,,,Dead,U,,,,,,,,,2026-08-09,,
4629,NA,ABLA,,,,NA,,,,,,Dead,U,,,,,,,,,2026-08-09,,
4630,NA,ABLA,7.2,7.1,H,9.3,-,0,T,2,S,A,S,BW,-,80,70,-,Y,-,replaced collar w/ nail @ 1.3,2026-08-09,,
4631,NA,ABLA,2.1,-,T,2.5,2.5,0,C,1,S,A,S,"5% brown, BW",-,100,100,-,Y,1,,2026-08-09,,
4632,NA,ABLA,2.2,-,T,1.9,1.7,0,C,1,S,A,S,"BW 1%",-,100,100,-,Y,-,,2026-08-09,,
4633,NA,ABLA,1.9,-,T,1.7,1.8,0,C,1,S,A,S,BW,-,100,90,-,Y,-,,2026-08-09,,
4634,NA,ABLA,3.8,-,T,6.2,6.3,0,C,1,S,A,S,"burl @ base, sap, 5% brown BW",-,100,90,-,Y,-,,2026-08-09,,
4635,NA,ABLA,2.7,-,T,4.1,4.2,0,C,1,S,A,S,"BW, 1% brown",-,100,90,-,Y,-,,2026-08-09,,
4636,NA,PICO,11.3,11.6,H,28.2,-,0,T,2,S,A,S,40% brown,5.9,20,80,-,Y,3,height to highest living = 5.4,2026-08-09,living_length,"three living-length values shown (5.9, 5.6), used first"
4637,NA,PIEN,19.2,18.9,H,37.0,-,0,T,4,C,A,S,BN,-,90,90,-,Y,-,,2026-08-09,,
4638,NA,ABLA,19.6,19.9,H,31.2,-,0,T,4,C,A,L,,-,90,80,5,N,-,,2026-08-09,,
4639,NA,ABLA,3.2,-,T,4.5,4.7,0,C,2,S,A,S,"BW 10% brown",-,100,90,-,Y,-,,2026-08-09,,
4640,NA,PIEN,20,,,NA,,,,,,Dead,B,,,,,,5,,,2026-08-09,,
4641,NA,PIEN,6.8,6.9,H,16.3,-,0,T,1,I,A,L,,-,90,80,5,N,1,,2026-08-09,,
4642,NA,ABLA,2.6,-,T,3.2,3.5,0,C,1,S,A,S,"5% brown, BW",-,100,100,-,Y,-,,2026-08-09,,
4643,NA,ABLA,1.8,-,T,1.7,1.7,0,C,1,S,A,S,BW,-,100,100,-,Y,-,,2026-08-09,,
4644,NA,ABLA,2.4,-,T,3.4,3.0,0,C,1,S,A,L,"BW 1% brown",-,100,90,5,Y,-,2 leaders,2026-08-09,,
4645,NA,ABLA,1.5,-,T,1.9,1.8,0,C,1,S,A,L,BW,1.4,80,90,5,Y,-,dead at top,2026-08-09,,
4646,NA,ABLA,3.3,-,T,3.9,3.7,0,C,1,S,A,S,"BW 10% brown",-,100,100,-,Y,-,,2026-08-09,,
4647,NA,PIEN,12.3,12.7,H,20.5,-,0,T,2,I,A,L,,9.3,30,70,5,N,-,,2026-08-09,living_length,"two living-length values shown (9.3, 8.8), used first"
4648,NA,PIEN,14.7,14.3,H,30.3,-,0,T,3,I,A,S,,-,80,80,-,N,-,2 leaders,2026-08-09,,
4649,NA,UNKN,18.7,,,NA,,,,,,Dead,S,,,,,,,,,2026-08-09,,
4650,NA,ABLA,2.1,-,T,3.2,2.7,0,C,2,S,A,S,"BW 5% yellow",-,100,90,-,Y,2,bent at base,2026-08-09,,
4651,NA,ABLA,2.6,-,T,3.7,3.8,0,C,2,S,A,S,,-,100,90,-,N,-,,2026-08-09,,
4652,NA,ABLA,1.6,-,T,1.1,1.2,0,C,2,S,A,S,BW,-,100,100,-,Y,-,,2026-08-09,,
4653,NA,ABLA,2.2,-,T,3.1,2.8,0,C,2,S,A,S,,-,100,100,-,N,-,,2026-08-09,,
4654,NA,UNKN,11.8,,,NA,,,,,,Dead,,,,,,,,,,2026-08-09,,broken at base - DeathDam_Status unclear/illegible
4655,NA,ABLA,17.2,,,NA,,,,,,Dead,L,,,,,,15,,,2026-08-09,,
4656,NA,PIEN,12.8,13.0,H,14.6,-,0,T,2,I,A,S,,-,70,80,-,N,-,dead tree leaning on it,2026-08-09,,
4657,NA,ABLA,12.5,,,NA,,,,,,Dead,S,,,,,,,,,2026-08-09,,bend @ base
4658,NA,PIEN,8.5,8.6,H,18.0,-,0.1,T,2,S,A,S,sappy,-0.2,80,90,-,N,-,dead at top,2026-08-09,,
4659,NA,ABLA,10.6,,,NA,,,,,,Dead,L,,,,,,5,,,2026-08-09,,
4660,NA,ABLA,1.8,-,T,1.6,1.6,0,C,1,S,A,S,"BW 1% brown",-,100,90,-,Y,-,,2026-08-09,,
4661,NA,PIEN,14.9,,,NA,,,,,,Dead,L,,,,,,5,,,2026-08-09,,
4662,NA,PIEN,23.6,23.7,H,37.0,-,0,T,4,I,A,S,,-,80,80,-,N,-,,2026-08-09,,
4663,NA,PIEN,19.6,20.0,H,29.5,-,0,T,4,I,A,S,,-,80,80,-,N,-,,2026-08-09,,
4664,NA,PIEN,17.6,,,NA,,,,,,Dead,L,,,,,,5,,,2026-08-10,deathdam_status,"survival/deathdam status letters faint/unclear for this row, entered best guess"
4665,NA,ABLA,2.6,-,T,3.4,3.5,0,C,1,S,A,L,BW,-,80,80,25,Y,2,tag moved down to DBH; leans northeast,2026-08-10,,
4666,NA,ABLA,3.1,-,T,4.3,4.3,0,C,1,S,A,L,5% red,-,80,90,30,Y,-,,2026-08-10,,
4667,NA,ABLA,2.8,-,T,4.0,4.3,0,C,1,S,A,S,BW,-,100,90,-,Y,-,,2026-08-10,,
4668,NA,ABLA,1.5,-,-,1,-,0,-,1,S,NF,,BW,-,80,80,-,-,-,,2026-08-10,survival_status,"row appears greyed/crossed out on sheet - tree not found this census? confirm before finalizing"
4669,NA,ABLA,2.1,-,T,2.8,2.6,0,C,1,S,A,S,1% brown,-,100,100,-,Y,-,,2026-08-10,,
4670,NA,ABLA,2.5,-,T,3.5,3.4,0,C,1,S,A,S,BW 5% brown,-,100,100,-,Y,-,,2026-08-10,,
4671,NA,ABLA,2.8,-,T,4.1,4.1,0,C,1,S,A,S,,-,100,100,-,N,-,,2026-08-10,,
4672,NA,PIEN,18.1,18.4,H,34.0,-,0,T,3,I,OK,S,sap,-,100,100,-,N,0,,2026-08-10,,
4673,NA,PIEN,3.9,-,T,9.0,-,0,T,2,S,A,S,,-,90,70,-,Y,-,bw,2026-08-10,pct_crown,"% Crown Remaining appears to have an edited/crossed-out value, entered latest legible figure (90)"
4674,NA,ABLA,16.3,,,NA,,,,,,Dead,S,,,,,,,,,2026-08-10,,
4675,NA,PIEN,1.9,-,T,1.9,2.0,0,C,2,S,A,S,10% red,-,100,100,-,Y,-,,2026-08-10,,
4676,NA,PIEN,1.8,-,T,2.0,2.1,0,C,2,S,A,L,10% red,-,100,90,5,Y,-,bend @ base,2026-08-10,,
4677,NA,ABLA,3.1,-,T,5.4,4.8,0,T,1,S,A,S,bw,-,80,80,-,Y,-,,2026-08-10,,
4678,NA,PIEN,2.8,-,T,3.8,3.7,0,C,1,S,A,S,bw,-,100,100,-,Y,-,,2026-08-10,,
4679,NA,PIEN,1.7,-,T,1.5,1.3,0,C,1,S,A,S,,-,60,70,-,N,-,,2026-08-10,,
4680,NA,UNKN,19.4,,,NA,,,,,,Dead,S,,,,,,,,,2026-08-10,,
4681,NA,ABLA,2.9,-,T,5.1,4.7,0,C,1,S,A,S,bw,-,90,90,-,Y,-,,2026-08-10,,
4682,NA,PIEN,1.8,-,T,2.1,2.2,0,C,1,S,A,S,,-,70,80,-,N,-,,2026-08-10,,
4683,NA,ABLA,3.2,-,T,4.5,4.4,0,C,2,S,A,S,BW,-,90,100,-,Y,2,,2026-08-10,,
4684,NA,ABLA,1.9,-,T,4.1,4.4,0,C,1,S,A,S,BW 10% red,-,80,90,-,Y,1,2 leaders,2026-08-10,,
4685,NA,ABLA,12.7,13.2,H,18.6,-,0,T,2,I,A,S,sappy,-,100,100,-,N,-,,2026-08-10,,
4686,NA,ABLA,3.2,-,T,4.3,4.5,0,C,1,S,A,S,BW,-,100,90,-,Y,-,,2026-08-10,,
4687,NA,PIEN,21.3,21.5,H,32.1,-,0,T,4,C,A,S,sappy,-,90,90,-,N,-,,2026-08-10,,
4688,NA,ABLA,4.8,-,T,6.0,-,0,T,1,S,A,S,BW,-,100,90,-,Y,-,,2026-08-10,,
4689,NA,PICO,19.2,19.5,H,43.8,-,0,T,4,C,A,S,deep crack long,-,90,90,-,N,2,2 leaders,2026-08-10,,
4690,NA,ABLA,2.3,-,T,2.4,2.4,0,C,1,S,A,S,BW,-,100,100,-,Y,-,,2026-08-10,,
4691,NA,PIEN,18.4,18.6,H,25.7,-,0,T,3,C,A,L,,-,100,90,10,N,-,,2026-08-10,,
4692,NA,ABLA,12.3,12.4,H,21.6,-,0.1,T,2,I,A,S,sappy,-,100,100,-,N,-,2 leaders,2026-08-10,,
4693,NA,ABLA,1.8,-,T,1.4,1.3,0,C,1,S,A,S,BW,-,100,100,-,Y,-,,2026-08-10,,
4694,NA,ABLA,2.9,-,T,3.8,3.9,0,C,2,S,A,S,BW 5% red,-,100,80,-,Y,-,,2026-08-10,,
4695,NA,PICO,18.7,19.0,H,43.1,-,0,T,5,C,A,S,sap 20% red,-,90,90,-,Y,-,2 leaders,2026-08-10,,
4696,NA,PIEN,13.0,13.2,H,18.9,-,0,T,2,I,A,S,,-,100,100,-,N,-,,2026-08-10,,
4697,NA,PIEN,14.3,,,NA,,,,,,Dead,S,,,,,,,,,2026-08-10,,
4698,NA,ABLA,8.4,8.4,H,9.9,-,0,T,2,I,A,S,,-,100,90,-,N,-,,2026-08-10,,
4699,NA,ABLA,6.9,6.7,H,9.1,-,0,T,2,S,A,S,,-,100,100,-,N,2,double checked DBH,2026-08-10,,
4700,NA,ABLA,1.8,-,T,2.0,1.9,0,C,1,S,A,S,BW,-,100,100,-,Y,-,,2026-08-10,,
4701,NA,ABLA,2.3,-,T,3.6,3.3,0,C,2,S,A,L,BW,-,100,100,10,Y,-,,2026-08-10,,
4702,NA,ABLA,2.4,-,T,3.5,3.2,0,C,1,S,A,S,BW,-,100,90,-,Y,-,,2026-08-10,,
4703,NA,ABLA,3.2,-,T,3.7,3.7,0,C,1,S,OK,S,,-,100,100,-,N,-,,2026-08-10,,
4704,NA,ABLA,8.7,9.0,H,10.7,-,0,T,2,I,OK,S,BW,-,100,90,-,Y,-,,2026-08-10,,
4705,NA,ABLA,1.8,-,T,1.4,1.3,0,C,1,S,A,S,BW,-,100,90,-,Y,-,,2026-08-10,,
4706,NA,ABLA,3.8,-,T,4.8,4.7,0,C,1,S,A,S,BW,-,100,90,-,Y,-,,2026-08-10,,
4707,NA,PIEN,2.6,-,T,3.5,3.7,0,C,2,S,A,S,BW,-,100,100,-,Y,-,,2026-08-10,,
4708,NA,ABLA,2.7,-,T,3.5,3.4,0,C,2,S,OK,S,,-,100,100,-,N,-,,2026-08-10,,
4709,NA,ABLA,2.1,-,T,2.5,2.4,0,C,2,S,A,L,BW,-,100,90,20,Y,-,,2026-08-10,,
4710,NA,PIEN,20.0,20.3,H,33.1,-,0,T,3,I,A,S,10% red,13.7,30,60,-,Y,3,lg wound at DBH,2026-08-10,,
4711,NA,PIEN,14.8,14.9,H,22.0,-,0,T,4,I,A,S,,-,90,100,-,N,-,,2026-08-10,,
4712,NA,ABLA,2.1,-,T,2.5,2.7,0,C,2,S,A,S,BW,-,90,90,-,Y,-,,2026-08-10,,
4713,NA,ABLA,2.7,-,T,3.5,3.6,0,C,2,S,A,S,BW,-,100,80,-,Y,1,leader split below tag; above DBH,2026-08-10,,
4714,NA,ABLA,15.7,15.8,H,22.7,-,0,T,3,I,A,S,,-,100,90,-,N,-,,2026-08-10,,
4715,NA,ABLA,2.6,-,T,2.9,2.9,0,C,2,S,A,S,BW 10% red,-,100,90,-,Y,-,curvy,2026-08-10,,
4716,NA,ABLA,2.1,-,T,3.0,3.0,0,C,1,S,A,S,,-,100,80,-,N,-,double checked dbh,2026-08-10,,
4717,NA,ABLA,2.0,-,T,2.1,2.1,0,C,1,S,A,S,BW,-,100,90,-,Y,1,,2026-08-10,,
4718,NA,ABLA,1.6,-,T,2.0,2.0,0,C,1,S,A,L,,-,90,100,20,N,-,,2026-08-10,,
4719,NA,PIEN,24.7,24.9,H,36.0,-,0,T,5,D,OK,S,sappy,-,100,100,-,N,-,triple checked height,2026-08-10,,
4720,NA,ABLA,2.3,-,T,2.2,2.3,0,C,1,S,A,S,BW,-,100,90,-,Y,-,,2026-08-10,,
4721,NA,ABLA,2.7,-,T,2.3,2.2,0,C,1,S,A,S,BW,-,100,80,-,Y,-,,2026-08-10,,
4722,NA,ABLA,2.5,-,T,3.1,3.0,0,C,2,S,A,S,BW,-,100,90,-,Y,1,shares base with 4723,2026-08-10,,
4723,NA,ABLA,2.3,-,T,2.9,2.5,0,C,2,S,A,S,BW,-,100,90,-,Y,-,shares base with 4722,2026-08-10,,
4724,NA,PIEN,18.6,,,NA,,,,,,Dead,S,,,,,,,,,2026-08-10,,shares base with 4725
4725,NA,PIEN,16.2,,,NA,,,,,,Dead,L,,,,,,10,,,2026-08-10,,shares base with 4724
4726,NA,ABLA,8.9,9.1,H,19.3,-,0,T,1,I,A,S,sappy 5% red,-,100,90,-,Y,-,shares base with 4727,2026-08-10,,
4727,NA,ABLA,6.7,6.5,H,7.0,-,0,T,1,S,A,S,sappy,-,100,100,-,N,-,shares base with 4726,2026-08-10,,
4728,NA,PIEN,15.5,,,40.9,,0,,,,Live,,,,,,,,,,2026-08-10,row,"row mostly blank on sheet aside from height1/DBH-1/HOM - confirm whether more data exists elsewhere"
4729,NA,PIEN,17.6,,,27.7,,0,,,,Live,,,,,,,,,,2026-08-10,row,"row mostly blank on sheet aside from height1/DBH-1/HOM - confirm whether more data exists elsewhere"
4730,NA,PIEN,16.2,15.9,H,28.3,-,0,T,4,I,A,S,sappy,-,70,70,0,N,-,,2026-08-10,,
4731,NA,ABLA,13.4,,,NA,,,,,,Dead,S,,,,,,,,,2026-08-10,,
4732,NA,ABLA,16.4,,,NA,,,,,,Dead,S,,,,,,,,,2026-08-10,,
4733,NA,ABLA,8.4,8.0,H,9.4,-,0,T,2,S,A,S,BW,-,100,90,0,Y,-,,2026-08-10,,
4734,NA,ABLA,2.4,-,T,2.5,2.4,0,C,1,S,A,S,BW,-,100,90,0,Y,-,,2026-08-10,,
4735,NA,ABLA,3.4,-,T,4.6,4.6,0,C,1,S,A,S,BW,-,100,90,0,Y,-,,2026-08-10,,
4736,NA,ABLA,2.8,-,T,3.2,3.2,0,C,1,S,A,S,,-,100,80,0,N,-,,2026-08-10,,
4737,NA,ABLA,1.7,-,T,1.1,1.2,0,C,1,S,A,S,,-,100,90,0,N,-,burl,2026-08-10,,
4738,NA,ABLA,5.8,5.6,H,6.8,6.6,0,C,1,S,A,S,,-,90,90,0,N,-,,2026-08-10,,
4739,NA,PIEN,16.4,16.8,H,29.2,-,0,T,4,I,A,S,BW,-,90,90,0,Y,-,,2026-08-10,,
4740,NA,ABLA,5.3,5.4,H,7.1,7.9,0,C,1,S,A,S,BW,-,100,90,0,Y,-,,2026-08-10,,
4741,NA,ABLA,2.8,-,T,3.5,3.6,0,C,1,S,A,S,BW,-,100,90,0,Y,-,new tree tagged this census,2026-08-10,,
4742,NA,ABLA,1.7,-,T,1.4,1.4,0,C,1,S,A,S,BW,-,100,90,0,Y,-,,2026-08-10,,
4743,NA,ABLA,5.4,-,T,8.0,-,0,T,1,S,A,S,BW,-,100,90,0,Y,-,,2026-08-10,,
4744,NA,ABLA,1.7,-,T,1.3,1.2,0,T,1,S,A,S,BW,-,100,80,-,Y,-,,2026-08-10,,
4745,NA,ABLA,8.0,8.4,H,8.7,-,0,T,3,I,A,S,BW,-,90,90,0,Y,-,,2026-08-10,,
4746,NA,ABLA,15.3,,,NA,,,,,,Dead,S,,,,,,,,,2026-08-10,,
4747,NA,ABLA,15.1,,,NA,,,,,,Dead,S,,,,,,,,,2026-08-10,,another dead tree to south
4748,NA,ABLA,12.2,,,NA,,,,,,Dead,L,,,,,,20,,,2026-08-10,,
4749,NA,ABLA,18.8,,,NA,,,,,,Dead,S,,,,,,,,,2026-08-10,,shares base with 4750
4750,NA,PIEN,22.2,21.9,H,31.3,-,0,T,4,C,A,S,BW,-,90,70,0,Y,-,shares base with 4749,2026-08-10,,
4751,NA,PIEN,8.2,8.5,T,22.0,-,0,T,1,S,A,S,,7.6,70,80,0,N,-,dead top; leaning,2026-08-10,living_length,"living length has two overlapping handwritten values, used the boxed one (7.6)"
4752,NA,ABLA,2.3,-,T,2.6,2.8,0,T,1,S,A,S,BW,-,100,90,0,N,-,,2026-08-10,,
4753,NA,ABLA,4.3,-,T,6.0,-,0,T,1,S,A,S,BW,-,100,90,0,Y,-,,2026-08-10,,
4754,NA,UNKN,,,,NA,,,,,,Dead,L,,,,,,10,,,2026-08-10,,
4755,NA,UNKN,,,,NA,,,,,,Dead,S,,,,,,,,,2026-08-10,,
4756,NA,ABLA,16.0,,,NA,,,,,,Dead,S,,,,,,,,,2026-08-10,,
4757,NA,ABLA,1.57,-,T,1.8,1.7,0,C,1,S,A,S,BW,-,100,90,0,Y,-,shares base with 4758,2026-08-10,,
4758,NA,ABLA,1.6,-,T,1.7,1.7,0,C,1,S,A,S,,1.2,0,0,0,-,-,dead top; shares base with 4757,2026-08-10,,
4759,NA,PIEN,18.4,17.8,H,45.5,-,0,T,3,C,D,S,,-,6,0,-,-,-,measured under large branch to left of nail,2026-08-10,,
4760,NA,ABLA,2.2,-,T,5.2,5.2,0,C,1,S,A,S,BW,2.1,60,80,0,Y,-,dead top; multiple leaders,2026-08-10,,
4761,NA,ABLA,2.5,-,T,7.1,6.4,0,C,1,S,A,L,,-,60,90,5,Y,1,dead leader; top alive,2026-08-10,,
4762,NA,ABLA,2.6,-,T,4.6,4.4,0,C,1,S,A,L,BW,-,90,80,10,Y,1,leans south,2026-08-10,,
4763,NA,ABLA,2.1,-,T,2.8,2.1,0,T,1,S,OK,S,,-,100,100,0,N,-,,2026-08-10,,
4764,NA,ABLA,3.4,-,T,3.6,3.7,0,C,1,S,A,L,,-,100,90,10,Y,-,,2026-08-10,,
4765,NA,PIEN,26.3,26.5,H,35.5,-,0,T,4,C,A,S,sappy,-,90,80,5,N,-,,2026-08-10,,
4766,NA,PIEN,11.6,,,NA,,,,,,Dead,S,,,,,,,,,2026-08-10,,
4767,NA,PIEN,21.7,21.9,H,34.0,-,0,T,4,C,A,S,BW,-,90,70,0,Y,-,,2026-08-10,,
4768,NA,ABLA,8.9,9.3,H,18.6,-,0,T,1,S,A,S,BW,-,90,90,0,Y,1,2 leaders,2026-08-10,,
4769,NA,ABLA,2.3,-,T,3.0,3.1,0,C,1,S,A,L,BW,-,100,80,10,Y,0,,2026-08-10,,
4770,NA,ABLA,1.9,-,T,2.2,2.2,0,C,1,S,A,S,BW,-,90,80,0,Y,2,,2026-08-10,,
4771,NA,ABLA,3.1,-,T,5.8,-,-0.3,T,1,S,A,L,"BW, 2% red",-,80,90,45,Y,3,leans north; DBH at collar,2026-08-10,,
4772,NA,ABLA,2.7,-,T,3.2,3.3,0,C,1,S,A,S,"BW 2% red",-,100,100,0,Y,-,,2026-08-10,,
4773,NA,ABLA,3.5,-,T,4.0,3.9,0,C,1,S,A,S,BW,-,100,90,0,Y,-,,2026-08-10,,
4774,NA,ABLA,2.9,-,T,4.1,4.3,0,C,1,S,A,L,BW,-,70,90,15,Y,-,,2026-08-10,,
4775,NA,ABLA,2.7,-,T,2.7,2.8,0,C,1,S,A,L,,-,100,100,10,N,-,curvy,2026-08-10,,
4776,NA,ABLA,2.5,-,T,2.7,2.5,0,C,1,S,OK,S,,-,100,100,0,N,-,multiple leaders; shares base w/4775,2026-08-10,,
4777,NA,ABLA,2.3,-,T,2.7,2.8,0,T,1,S,A,S,BW,-,100,90,0,Y,-,2 leaders,2026-08-10,,
4778,NA,PIEN,7.7,7.9,H,20.0,-,0,T,2,S,A,B/S,,-,80,80,0,N,-,broken; tallest point alive,2026-08-10,,
4779,NA,ABLA,25.7,,,NA,,,,,,Dead,S,,,,,,,,,2026-08-10,,
4780,NA,ABLA,3.7,-,T,4.0,4.3,0,C,2,I,A,S,,-,100,90,0,Y,-,bend at base,2026-08-10,,
4781,NA,ABLA,11.8,12.3,H,11.0,-,0,T,2,I,A,S,,-,90,90,0,N,-,,2026-08-10,,
4782,NA,ABLA,3.2,-,T,4.0,4.1,0,C,1,S,A,S,,-,100,90,0,Y,-,,2026-08-10,,
4783,NA,PIEN,26.0,26.4,H,47.7,-,0,T,4,C,A,S,,-,90,80,0,N,-,,2026-08-10,,
4784,NA,PIEN,8.5,8.8,H,13.8,-,0,T,2,I,A,S,,7.6,80,90,0,Y,-,,2026-08-10,,
4785,NA,ABLA,2.5,-,T,3.7,3.4,0,C,1,I,A,S,BW,-,100,90,0,Y,,,2026-08-10,,
4786,NA,ABLA,14.1,,,NA,,,,,,Dead,L,,,,,,10,,,2026-08-10,,
4787,NA,ABLA,3.5,-,T,4.6,4.2,0,C,1,S,A,S,,-,100,90,0,Y,-,,2026-08-10,,
4788,NA,PIEN,19.6,19.8,H,25.3,-,0,T,3,I,A,L,BW,-,100,90,10,Y,-,,2026-08-10,,
4789,NA,PIEN,2.9,-,T,4.2,4.1,0,C,1,S,A,S,BW,-,100,90,0,Y,-,,2026-08-10,,
4790,NA,PIEN,26.5,26.8,H,46.2,-,0,T,5,D,A,S,,-,90,90,0,N,-,,2026-08-10,,
4791,NA,PIEN,3.4,-,T,6.4,5.5,0,T,1,S,A,S,BW,-,100,90,0,Y,-,,2026-08-10,,
4792,NA,PIEN,4.9,-,T,8.0,6.7,0,T,1,S,A,S,BW,-,100,90,0,Y,-,,2026-08-10,,
4793,NA,ABLA,6.9,,,NA,,,,,,Dead,S,,,,,,,,,2026-08-10,,
4794,NA,ABLA,2.4,-,T,2.3,2.3,0,C,1,S,A,S,BW,-,100,90,0,Y,-,new tree tagged this census,2026-08-10,,
4795,NA,ABLA,17.7,,,NA,,,,,,Dead,S,,,,,,,,,2026-08-10,,
4796,NA,ABLA,25.2,25.4,H,37.0,-,0,,4,D,A,S,,-,100,90,0,N,-,height good,2026-08-10,dbh_method,DBH_Method cell appears blank on sheet for this row
4797,NA,UNKN,8.4,,,NA,,,,,,Dead,L,,,,,,20,,,2026-08-10,,
4798,NA,ABLA,2.2,-,T,1.7,1.8,0,C,2,S,A,S,BW,-,100,90,0,N,-,,2026-08-10,,
4799,NA,ABLA,2.2,-,T,1.8,1.9,0,C,2,S,A,S,BW,-,100,90,0,Y,-,,2026-08-10,,
4800,NA,PIEN,22.8,,,NA,,,,,,Dead,S,,,,,,,,,2026-08-10,,
4801,NA,ABLA,22.4,22.6,H,31.5,-,0,T,4,C,A,L,"BW, sappy",-,60,70,5,Y,,,2026-08-10,,
4802,NA,ABLA,16.3,16.5,H,19.2,-,0,T,3,I,A,S,,-,100,90,0,N,2,,2026-08-10,,
4803,NA,PIEN,18.1,18.3,H,24.5,-,0,T,4,I,A,S,,-,100,90,0,N,,,2026-08-10,,
4804,NA,PIEN,21.7,21.9,H,35.1,-,0,T,4,I,A,S,,-,90,90,0,N,-,,2026-08-10,,
4805,NA,PICO,14.8,14.9,H,27.0,-,0,T,2,I,A,S,,0,60,80,0,N,-,broken w/new leader; new tree tagged this census,2026-08-10,,
4806,NA,ABLA,2.5,-,T,3.0,3.1,0,C,1,S,A,S,BW,-,100,90,0,Y,-,new tree tagged this census,2026-08-10,,
4807,NA,ABLA,2.4,-,T,2.6,2.5,0,C,1,S,OK,S,,-,100,100,0,N,-,,2026-08-10,,
4808,NA,ABLA,2.0,-,T,1.7,1.9,0,C,1,S,A,S,BW,-,100,90,0,Y,-,,2026-08-10,,
4809,NA,ABLA,2.3,-,T,2.8,2.8,0,C,2,S,A,S,BW,-,100,90,0,Y,-,,2026-08-10,,
4810,NA,PICO,16.1,16.3,H,28.1,-,0,C,3,I,A,S,2% red,-,90,80,0,Y,-,,2026-08-10,,
4811,NA,ABLA,12.2,12.2,H,14.6,-,0,C,3,I,A,S,,-,70,80,0,N,-,,2026-08-10,,
4812,NA,ABLA,3.4,-,T,4.9,4.8,0,C,1,S,A,S,BW,-,100,90,0,Y,-,,2026-08-10,dbh_hom,DBH_HOM cell has an unclear scribbled value (looked like 0 with stray marks)
4813,NA,ABLA,1.9,-,T,1.7,1.8,0,C,1,S,A,S,BW,-,100,90,0,Y,-,,2026-08-10,,
4814,NA,PIEN,7.9,8.1,H,18.9,-,0,T,3,I,A,S/B,,-,100,80,0,N,-,,2026-08-10,,
4815,NA,ABLA,17.1,17.9,H,23.0,-,0,T,4,I,A,L,,-,90,80,5,N,-,,2026-08-10,,
4816,NA,ABLA,9.5,9.6,H,13.1,-,0,T,2,I,A,S/B,,-,60,80,0,N,1,new leader,2026-08-10,,
4817,NA,PIEN,24.1,24.9,H,29.0,-,0,T,3,C,A,S,,-,80,90,0,N,-,,2026-08-10,,
4818,NA,PIEN,26.4,26.2,H,41.5,-,0,T,4,C,A,S,sappy,-,100,80,0,N,-,,2026-08-10,,
4819,NA,PIEN,21.6,21.9,H,26.6,-,0,T,3,I,A,S,,-,100,90,0,N,-,,2026-08-10,,
4820,NA,ABLA,5.0,-,T,7.0,-,0,T,1,S,A,S,"BW, sappy",-,90,90,0,Y,-,,2026-08-10,,
4821,NA,ABLA,1.9,-,T,1.6,1.7,0,C,1,S,OK,S,,-,100,100,0,N,-,,2026-08-10,,
4822,NA,ABLA,2.1,-,T,2.3,2.4,0,C,1,S,A,S,BW,-,100,80,0,Y,-,,2026-08-10,,
4823,NA,ABLA,1.6,-,T,1.4,1.5,0,C,1,S,A,S,15% red,-,80,80,-,Y,-,"out of sequence uphill from 4454; Geotag ref 4454, dist 0.7m, dir 20 deg",,geotag,"Geotag Ref/Dist/Dir columns not yet mapped into template - folded into Comment; row_date blank, page date ambiguous"
4824,NA,ABLA,1.6,-,T,1.0,1.0,0,C,1,S,A,S,,-,100,90,-,N,N,"out of sequence next to 4523; Geotag ref 4523, dist 1.1m, dir 325 deg",,geotag,"Geotag Ref/Dist/Dir columns not yet mapped into template - folded into Comment"
4825,NA,PIEN,1.6,-,T,1.2,1.2,0,C,1,S,A,S,"BW 5% brown",-,100,90,-,,2,"bent at base; out of sequence; Geotag ref 4513, dist 1.0m, dir 270 deg",,geotag,"Geotag Ref/Dist/Dir columns not yet mapped into template - folded into Comment"
4826,NA,ABLA,1.5,-,T,1.0,0.9,0,C,1,S,A,L,BW,-,100,90,15,Y,-,"above 4533; out of sequence; Geotag ref 4533, dist 2.2m, dir 30 deg",,geotag,"Geotag Ref/Dist/Dir columns not yet mapped into template - folded into Comment"
4827,NA,ABLA,1.5,-,T,1.0,1.0,0,C,1,S,A,S,5% brown,-,100,100,-,Y,-,"next to 4593, out of sequence; Geotag ref 4593, dist 0.4m",,geotag,"Geotag Ref/Dist/Dir columns not yet mapped into template - folded into Comment; Geotag_Dir blank on sheet"
4828,NA,PIEN,1.8,-,T,1.5,1.4,0,C,1,S,A,L,BW,-,80,100,5,Y,1,"next to 4520, out of sequence; Geotag ref 4520, dist 1.8m, dir 10 deg",,geotag,"Geotag Ref/Dist/Dir columns not yet mapped into template - folded into Comment"
4829,NA,PIEN,1.7,-,T,1.5,1.6,0,C,1,S,A,S,,-,100,100,-,N,1,"out of sequence next to 4326; Geotag ref 4323, dist 0.6m, dir 116 deg",,geotag,"Geotag Ref/Dist/Dir columns not yet mapped into template - folded into Comment; tag label vs comment reference (4323 vs 4326) inconsistent - confirm"
4830,NA,ABLA,1.8,-,T,1.3,1.4,0,C,2,S,A,S,BW,-,100,100,-,Y,-,"nearest 4630, out of sequence; Geotag ref 4630, dist 0.9m, dir 260 deg",,geotag,"Geotag Ref/Dist/Dir columns not yet mapped into template - folded into Comment"
4831,NA,ABLA,6.8,-,T,1.8,1.6,0,C,1,S,A,S,BW,-,100,100,-,Y,-,"nearest 4664 out of sequence (maybe 4668?); Geotag ref 4656, dist 0.9m, dir 310 deg",,"height1,geotag","Height1 read as 6.8, unusually tall for this DBH - confirm; Geotag columns folded into Comment"
4832,NA,ABLA,1.6,-,T,1.3,1.3,0,C,1,S,A,S,BW,-,100,100,-,Y,-,"out of sequence; Geotag ref 4658, dist 1.2m, dir 90 deg",,geotag,"Geotag Ref/Dist/Dir columns not yet mapped into template - folded into Comment"
4833,NA,ABLA,1.5,-,T,1.2,1.3,0,C,2,S,A,L,BW,-,100,100,30,Y,-,"out of sequence; Geotag ref 4658, dist 4.6m, dir 100 deg",,geotag,"Geotag Ref/Dist/Dir columns not yet mapped into template - folded into Comment"
4834,NA,ABLA,1.5,-,T,1.1,1.2,0,C,1,S,A,S,"5% yellow BW",-,90,100,-,Y,-,"out of sequence; Geotag ref 4658, dist 3.4m, dir 110 deg",,geotag,"Geotag Ref/Dist/Dir columns not yet mapped into template - folded into Comment"
4835,NA,ABLA,1.5,-,T,1.1,1.1,0,C,2,S,A,S,BW,-,100,100,-,Y,-,"bend at base; Geotag ref 4801, dist 2.8m",,geotag,"Geotag Ref/Dist/Dir columns not yet mapped into template - folded into Comment; Geotag_Dir illegible"
4836,NA,ABLA,1.7,-,T,1.7,1.7,0,C,2,S,A,S,1% yellow,-,100,100,-,Y,-,"bend at base; Geotag ref 4801, dist 2.8m, dir 15 deg",,geotag,"Geotag Ref/Dist/Dir columns not yet mapped into template - folded into Comment"
4837,NA,ABLA,1.6,-,T,1.4,1.6,0,C,1,S,A,L,bw,-,100,90,5,Y,-,"Geotag ref 4585, dist 0.7m, dir 145 deg",,geotag,"Geotag Ref/Dist/Dir columns not yet mapped into template - folded into Comment"
4838,NA,PIEN,1.6,-,T,1.2,1.3,0,C,1,S,OK,S,,-,100,100,-,N,-,"out of sequence next to 4704; Geotag ref 4704, dist 0.4m, dir 300 deg",,geotag,"Geotag Ref/Dist/Dir columns not yet mapped into template - folded into Comment"
4839,NA,ABLA,1.6,-,T,1.1,1.1,0,C,1,S,A,S,"BW 20% yellow",-,100,100,-,Y,-,"2 leaders, out of sequence; Geotag ref 4704, dist 0.4m, dir 338 deg",,geotag,"Geotag Ref/Dist/Dir columns not yet mapped into template - folded into Comment"
4840,NA,ABLA,1.6,-,T,1.2,1.2,0,C,1,S,A,S,BW,-,100,100,-,Y,-,"out of sequence next to 4704; Geotag ref 4704, dist 0.5m, dir 20 deg",,geotag,"Geotag Ref/Dist/Dir columns not yet mapped into template - folded into Comment"
4841,NA,ABLA,1.7,-,T,1.3,1.3,0,C,1,S,A,S,BW,-,100,100,-,Y,-,"out of sequence, upstupslope from 4729; Geotag ref 4729, dist 2.0m, dir 150 deg",,geotag,"Geotag Ref/Dist/Dir columns not yet mapped into template - folded into Comment"
4842,NA,ABLA,1.6,-,T,1.0,0.9,0,C,1,S,A,S,"BW 10% red",-,100,100,-,Y,3,"next to 4738, out of sequence; Geotag ref 4738, dist 0.5m, dir 316 deg",,"wounded_trunk,geotag","Wounded_Trunk symbol unclear (arrow mark, not a number) - confirm; Geotag columns folded into Comment"
4843,NA,ABLA,1.7,-,T,1.0,1.0,0,C,1,S,A,S,BW,-,100,100,-,Y,-,"out of sequence next to 4788; Geotag ref 4788, dist 0.4m, dir 320 deg",,geotag,"Geotag Ref/Dist/Dir columns not yet mapped into template - folded into Comment"
4844,NA,ABLA,1.9,-,T,1.2,1.2,0,C,1,S,A,S,BW,-,100,100,-,Y,-,"out of sequence uphill from 4788; Geotag ref 4788, dist 2.2m, dir 333 deg",,geotag,"Geotag Ref/Dist/Dir columns not yet mapped into template - folded into Comment"
4845,NA,ABLA,1.8,-,T,1.5,1.4,0,C,1,S,A,S,BW,-,100,80,-,Y,-,"out of sequence uphill from 4788; Geotag ref 4788, dist 3.2m, dir 340 deg",,geotag,"Geotag Ref/Dist/Dir columns not yet mapped into template - folded into Comment"
4846,NA,ABLA,1.7,-,T,1.5,1.5,0,C,1,S,A,S,BW,-,100,90,-,Y,-,"out of sequence uphill from 4790; Geotag ref 4790, dist 2.9m, dir 300 deg",,geotag,"Geotag Ref/Dist/Dir columns not yet mapped into template - folded into Comment"
4847,NA,ABLA,1.6,-,T,1.1,1.0,0,C,2,S,A,S,BW,-,100,100,-,Y,-,"out of sequence uphill from 4790, 3 stems; Geotag ref 4790, dist 3.0m, dir 333 deg",,geotag,"Geotag Ref/Dist/Dir columns not yet mapped into template - folded into Comment"
4848,NA,PIEN,1.8,-,T,1.5,1.6,0,C,2,S,A,L,BW,-,100,100,10,Y,-,"out of sequence uphill from 4790, new branch leader on broken tree; Geotag ref 4790, dist 2.0m, dir 20 deg",,geotag,"Geotag Ref/Dist/Dir columns not yet mapped into template - folded into Comment"
4849,NA,PIEN,1.9,-,T,1.4,1.4,0,C,1,S,A,S,BW,-,100,100,-,Y,-,"out of sequence next to 4796; Geotag ref 4796, dist 0.3m, dir 200 deg",,geotag,"Geotag Ref/Dist/Dir columns not yet mapped into template - folded into Comment"
4850,NA,ABLA,1.6,-,T,1.1,1.1,0,C,2,S,A,S,BW,-,100,100,-,Y,-,"out of sequence next to 4796; Geotag ref 4796, dist 0.4m, dir 104 deg",,geotag,"Geotag Ref/Dist/Dir columns not yet mapped into template - folded into Comment"
4851,NA,ABLA,1.7,-,T,1.5,1.4,0,C,2,S,A,L,BW,-,100,100,10,Y,-,"out of sequence uphill from 4801; Geotag ref 4801, dist 1.2m, dir 350 deg",,geotag,"Geotag Ref/Dist/Dir columns not yet mapped into template - folded into Comment"
4852,NA,ABLA,1.9,-,T,1.5,1.5,0,C,1,S,A,L,,-,100,100,20,N,-,"out of sequence near 4801, touching 4800; Geotag ref 4801, dist 0.8m, dir 315 deg",,geotag,"Geotag Ref/Dist/Dir columns not yet mapped into template - folded into Comment"
4853,NA,ABLA,1.5,-,T,1.1,1.1,0,C,2,S,A,S,10% red,-,100,100,-,Y,-,"out of sequence near 4801; Geotag ref 4801, dist 1.17m, dir 300 deg",,geotag,"Geotag Ref/Dist/Dir columns not yet mapped into template - folded into Comment"
4854,NA,ABLA,1.9,-,T,1.2,1.3,0,C,1,S,A,S,BW,-,100,100,-,Y,-,"out of sequence near 4804; Geotag ref 4804, dist 1.4m, dir 265 deg",,geotag,"Geotag Ref/Dist/Dir columns not yet mapped into template - folded into Comment"
4855,NA,ABLA,1.7,-,T,1.2,1.3,0,C,1,S,A,S,BW,-,100,90,-,Y,-,"out of sequence near 4804; Geotag ref 4804, dist 0.9m, dir 260 deg",,geotag,"Geotag Ref/Dist/Dir columns not yet mapped into template - folded into Comment"
