tag,prev_tag_sheet,sp_code,height1,height2,height_method,dbh1,dbh2,dbh_hom,dbh_method,cii,canopy_pos,survival_status,deathdam_status,deathdam_mode,living_length,pct_crown,pct_leaves,degrees_leaning,leaf_damage,wounded_trunk,comment,row_date,crossed_out,unclear_field,unclear_flags
8301,NA,PICO,17.3,17.3,H,23.4,-,0,T,3,C,A,S,-,-,90,90,0,N,-,"3 leaders; bore hole, beetle, popcorn",2026-08-08,,,
8302,NA,ABLA,,,,NA,,,,,,D,U,,,,,,,,,2026-08-08,Y,,
8303,NA,PICO,19.3,19.3,H,21.5,-,0,T,3,C,A,S,sappy,-,90,100,0,N,-,,2026-08-08,,,
8304,NA,ABLA,,,,NA,,,,,,D,S,,,,,,,,,2026-08-08,Y,,
8305,NA,PIEN,9.0,8.7,H,12.6,-,0,T,2,I,A,S,10% red,-,90,90,0,Y,-,,2026-08-08,,,
8306,NA,PIEN,3.3,-,T,6.2,5.1,0,C,1,S,A,S,10% yellow,2.8,80,90,0,Y,-,dead top,2026-08-08,,,
8307,NA,ABLA,3.7,3.8,H,5.2,5.2,0,C,1,S,A,S,BW,-,100,90,0,Y,-,,2026-08-08,,,
8308,NA,PICO,19.1,19.2,H,18.3,-,0,T,3,I,OK,S,-,-,100,100,0,N,-,scorched,2026-08-08,,,
8309,NA,PICO,21.3,20.9,H,34.1,-,0,T,3,C,A,S,10% yellow,-,100,90,0,Y,-,"chared, sappy",2026-08-08,,,
8310,NA,PICO,7.3,7.1,H,7.4,-,0,T,1,S,A,S,-,-,100,100,0,N,2,,2026-08-08,,,
8311,NA,PICO,17.4,17.5,H,16.6,-,0,T,3,C,A,S,-,-,90,100,0,N,-,chared,2026-08-08,,height1,"Height_1 handwriting reads like 10.4 / 17.4 (overwritten) - entered 17.4, confirm"
8312,NA,PICO,19.5,19.2,H,23.7,-,0,T,3,C,A,S,10% red,-,80,90,0,N,-,chared,2026-08-08,,,
8313,NA,PIEN,18.1,17.9,H,22.9,-,0,T,4,C,A,S,-,-,100,90,0,N,-,,2026-08-08,,,
8314,NA,PIEN,15.0,15.3,H,19.7,-,0,T,3,I,A,S,-,-,100,80,0,N,-,,2026-08-08,,,
8315,NA,PIEN,4.2,-,T,4.8,4.7,0,C,1,S,A,S,BW,-,100,90,0,Y,-,,2026-08-08,,,
8316,NA,ABLA,,,,NA,,,,,,D,U,,,,,,,,,2026-08-08,Y,,
8317,NA,PICO,17.3,17.4,H,23.1,-,0,T,4,C,A,S,10% red,-,100,90,0,Y,-,,2026-08-08,,,
8318,NA,ABLA,5.3,5.2,H,7.5,-,0,T,2,S,A,S,BW,-,100,90,0,Y,-,switched to nail,2026-08-08,,,
8319,NA,ABLA,3.1,-,T,3.0,2.8,0,C,1,S,A,S,10% red,-,90,90,0,Y,-,,2026-08-08,,height2,"Height_2 (3.0) is struck through on the sheet - entered as a dash, confirm"
8320,NA,PICO,6.9,6.8,H,8.1,-,0,T,2,S,A,S,10% red,-,90,90,0,Y,-,chared,2026-08-08,,,
8321,NA,PICO,18.5,19.0,H,27.1,-,0,T,3,C,A,S,sappy,-,80,90,0,Y,-,sappy,2026-08-08,,,
8322,NA,PICO,19.7,20.0,H,31.3,-,0,T,3,C,A,L,20% red,-,80,100,10,Y,-,,2026-08-08,,leaf_damage,"Leaf_Damage letter is ambiguous (Y or X) - entered Y, confirm"
8323,NA,PICO,17.2,17.6,H,20.8,-,0,T,3,I,A,S,sappy 10% red,-,80,90,0,Y,-,,2026-08-08,,,
8324,NA,PICO,21.6,21.7,H,35.7,-,0,T,4,D,A,S,-,-,90,100,0,N,-,,2026-08-08,,,
8325,NA,PICO,3.6,-,T,4.7,4.7,0,C,4,I,A,S,-,-,80,80,10,Y,2,new tag -> 9902 out of seq,2026-08-08,,cii,CII reads 4 (overwritten) for a small tree with Canopy_Pos I - confirm
8326,NA,PICO,19.1,19.2,H,24.0,-,0,T,3,C,OK,S,-,-,100,100,0,N,-,,2026-08-08,,,
8327,NA,PICO,7.7,7.8,H,8.3,-,0,T,2,I,A,S,10% red,-,100,100,0,Y,2,,2026-08-08,,,
8328,NA,PICO,17.2,17.0,H,21.1,-,0,T,4,C,A,S,10% red,-,90,90,10,Y,1,chared,2026-08-08,,,
8329,NA,PICO,16.1,16.2,H,18.5,-,0,T,3,C,A,S,sappy 10% red,-,100,90,0,Y,-,,2026-08-08,,,
8330,NA,ABLA,4.3,4.4,H,5.6,5.1,0,C,2,S,A,S,BW,-,100,90,0,Y,-,,2026-08-08,,,
8331,NA,ABLA,3.9,-,T,4.9,4.9,0,C,1,S,A,S,-,-,90,100,0,N,1,,2026-08-08,,,
8332,NA,PIEN,2.8,-,T,3.3,3.6,0,C,1,S,A,L,-,-,100,100,10,N,1,,2026-08-08,,,
8333,NA,ABLA,,,,NA,,,,,,D,S,,,,,,,,,2026-08-08,Y,,
8334,NA,ABLA,1.5,-,T,1.3,1.3,0,C,1,S,A,S,"5% brown, BW",-,90,90,0,Y,-,curvy,2026-08-08,,,
8335,NA,PIEN,3.0,-,T,3.8,3.8,0,C,1,S,A,S,BW,-,100,90,0,Y,-,,2026-08-08,,,
8336,NA,PICO,19.3,19.6,H,31.9,-,0,T,4,C,OK,S,-,-,100,100,0,N,-,,2026-08-08,,,
8337,NA,ABLA,15.1,15.1,H,15.7,-,0,T,3,C,A,S,"10% red, BW, sappy",15.0,90,60,0,Y,1,very top dead,2026-08-08,,,
8338,NA,PICO,14.8,15.0,H,14.4,-,0,T,3,C,A,S,sappy 20% red,-,90,80,0,Y,-,,2026-08-08,,pct_leaves,"% Leaves written over / as 1 80 and Leaf_Damage letter overwritten - entered 80 and Y, confirm"
8339,NA,PIEN,7.6,7.2,H,9.1,-,0,T,3,I,A,L,-,-,100,100,10,N,-,,2026-08-08,,,
8340,NA,PICO,14.6,14.5,H,17.3,-,0,T,3,C,A,L,sappy,-,100,100,10,N,-,chared,2026-08-08,,,
8341,NA,ABLA,8.7,8.7,H,10.2,-,0,T,2,I,A,S,BW sappy,-,100,90,0,Y,2,,2026-08-08,,,
8342,NA,PIEN,8.7,8.9,H,12.2,-,0,T,2,I,A,S,"sappy, 10% yellow",6.6,80,100,0,Y,-,chared,2026-08-08,,,
8343,NA,ABLA,2.0,-,T,3.7,4.1,0,C,1,S,D,L,-,-,0,0,45,-,2,,2026-08-08,,,
8344,NA,ABLA,4.2,4.4,H,3.9,4.1,0,C,1,S,A,S,10% red,-,100,90,0,Y,-,,2026-08-08,,,
8345,NA,ABLA,6.7,6.8,H,9.3,-,0,T,2,I,A,S,past BW,-,100,80,0,N,1,,2026-08-08,,,
8346,NA,ABLA,3.8,-,T,5.3,4.7,0,T,1,S,OK,S,-,-,100,100,0,N,-,,2026-08-08,,,
8347,NA,PIEN,2.9,-,T,4.0,4.3,0,C,1,S,A,S,bend at base,-,100,100,0,N,-,,2026-08-08,,,
8348,NA,PIEN,3.7,-,T,5.0,4.7,0,C,1,S,A,S,10% red,-,100,100,0,Y,-,,2026-08-08,,,
8349,NA,PICO,,,,NA,,,,,,D,S,,,,,,,,,2026-08-08,Y,,
8350,NA,PICO,,,,NA,,,,,,D,S,,,,,,,,,2026-08-08,Y,,
8351,NA,UNKN,,,,NA,,,,,,D,S,,,,,,,,,2026-08-08,Y,,
8352,NA,ABLA,2.5,-,T,3.6,3.4,0,C,1,S,A,S,BW,-,100,90,0,Y,1,DBH measured at 1.3,2026-08-08,,,
8353,NA,PIEN,5.4,5.4,H,6.2,6.5,0,C,2,S,A,S,-,-,70,100,0,N,1,,2026-08-08,,,
8354,NA,PICO,21.9,21.7,H,32.2,-,0,T,4,D,A,S,10% red,-,100,100,0,Y,2,chared,2026-08-08,,,
8355,NA,ABLA,4.0,-,T,4.4,4.8,0,T,1,S,A,S,10% yellow,-,100,90,0,Y,2,,2026-08-08,,,
8356,NA,PIEN,18.3,18.6,H,23.2,-,0,T,4,C,A,L,-,-,90,100,10,N,-,another tree leaning on it,2026-08-08,,,
8357,NA,ABLA,2.9,-,T,4.2,4.2,0,C,1,S,A,S,10% red,-,100,100,0,Y,-,,2026-08-08,,,
8358,NA,ABLA,,,,NA,,,,,,D,L,,,,,30,,,,2026-08-08,Y,,
8359,NA,PIEN,3.3,-,T,5.0,5.0,0,C,1,S,OK,S,-,-,100,100,0,N,-,,2026-08-08,,,
8360,NA,PIEN,6.0,6.2,H,6.5,6.2,0,C,2,S,OK,S,-,-,100,100,0,N,-,,2026-08-08,,,
8361,NA,ABLA,6.3,6.2,H,9.7,-,0,T,2,I,D,L,-,-,0,0,20,-,1,,2026-08-08,,,
8362,NA,ABLA,,,,NA,,,,,,D,S,,,,,,,,,2026-08-08,Y,,
8363,NA,PIEN,4.9,5.0,H,7.4,-,0,T,2,S,A,S,-,-,100,100,0,N,-,,2026-08-08,,,
8364,NA,ABLA,8.2,8.3,H,8.7,-,0,T,2,I,A,S,-,7.9,70,80,20,Y,2,dead top,2026-08-08,,,
8365,NA,ABLA,11.8,11.0,H,15.2,-,0,T,2,I,A,S,10% brown,-,90,80,0,Y,1,,2026-08-08,,pct_leaves,% Leaves written as 1 80 (stray tick) - entered 80
8366,NA,PICO,18.4,18.5,H,24.9,-,0,T,3,C,A,S,20% brown,-,100,100,0,Y,-,burl at base,2026-08-08,,,
8367,NA,PIEN,4.9,4.9,H,6.1,5.9,0,C,1,S,A,S,10% red,-,90,90,0,Y,-,,2026-08-08,,dbh_method,"DBH_Method looks like C written over T - entered C, confirm"
8368,NA,PIEN,8.1,8.4,H,9.0,-,0,T,2,I,OK,S,-,-,100,100,0,N,-,,2026-08-08,,,
8369,NA,PIEN,6.4,6.5,H,8.6,-,0,T,2,S,OK,S,-,-,100,100,0,N,-,,2026-08-08,,,
8370,NA,ABLA,,,,NA,,,,,,D,S,,,,,,,,,2026-08-08,Y,,
8371,NA,PIEN,16.3,16.5,H,19.0,-,0,T,3,C,OK,S,-,-,100,100,0,N,-,chared,2026-08-08,,,
8372,NA,PIEN,14.8,15.0,H,17.7,-,0,T,3,I,A,S,sappy,-,100,100,0,N,-,,2026-08-08,,,
8373,NA,PICO,16.1,16.2,H,18.9,-,0,T,3,C,A,L,"10% red, popcorn beetles",-,90,80,5,Y,-,"bore holes, chared",2026-08-08,,,
8374,NA,PIEN,7.8,6.9,H,9.7,-,0,T,1,I,A,S,dead top,6.8,90,80,0,Y,-,,2026-08-08,,,
8375,NA,ABLA,,,,NA,,,,,,D,S,,,,,,,,,2026-08-08,Y,,
8376,NA,PIEN,18.0,18.1,H,26.5,-,0,T,4,C,A,S,BW,-,100,80,0,Y,-,,2026-08-08,,,
8377,NA,PIEN,13.7,13.8,H,15.1,-,0,T,3,I,A,S,BW,-,100,90,0,Y,1,,2026-08-08,,,
8378,NA,PIEN,12.3,12.3,H,22.6,-,0,T,2,I,A,S,"sappy, 15% red, BW",-,90,80,0,Y,-,burl below DBH,2026-08-08,,,
8379,NA,PIEN,1.9,-,T,2.2,2.2,0,C,1,S,A,S,BW,-,90,90,0,Y,-,,2026-08-08,,leaf_damage,"% Leaves written as 1 90 (stray tick) and Leaf_Damage letter overwritten (N over Y) - entered 90 and Y, confirm"
8380,NA,PIEN,10.0,9.8,H,11.8,-,0,T,2,I,A,S,BW,-,100,90,0,Y,-,,2026-08-08,,,
8381,NA,PIEN,5.4,-,T,6.0,5.9,0,C,2,S,A,S,BW,-,100,90,0,Y,-,,2026-08-08,,,
8382,NA,PICO,19.9,19.8,H,28.9,-,0,T,4,C,A,S,10% red,-,90,90,0,Y,-,2 leaders,2026-08-08,,,
8383,NA,PIEN,12.8,12.6,H,19.4,-,0,T,2,I,A,S,BW,-,100,90,0,Y,-,,2026-08-08,,,
8384,NA,PIEN,6.9,6.7,H,8.0,-,0,T,2,S,OK,S,-,-,100,100,0,N,-,,2026-08-08,,,
8385,NA,PICO,20.2,20.8,H,27.8,-,0,T,3,C,A,S,sappy,-,80,90,0,N,-,chared,2026-08-08,,,
8386,NA,PICO,19.9,19.7,H,32.2,-,0,T,3,C,A,S,sappy 10% red,-,100,100,0,Y,-,"chared, 2 leaders",2026-08-08,,,
8387,NA,PIEN,15.1,15.2,H,20.9,-,0,T,3,C,OK,S,sappy,-,100,100,0,N,-,,2026-08-08,,,
8388,NA,PIEN,7.1,7.0,H,9.1,-,0,T,2,I,A,S,BW,-,100,90,0,Y,-,,2026-08-08,,,
8389,NA,PICO,19.6,19.1,H,30.9,-,0,T,4,C,A,S,10% red,-,100,100,0,Y,-,chared,2026-08-08,,,
8390,NA,PICO,21.3,20.8,H,37.7,-,0,T,4,D,OK,S,-,-,100,100,0,N,-,2 leaders,2026-08-08,,,
8391,NA,ABLA,1.6,-,T,1.5,1.5,0,C,2,S,A,S,20% brown BW,-,100,100,0,Y,-,,2026-08-08,,,
8392,NA,PICO,17.3,17.3,H,23.2,-,0,T,3,C,A,S,10% red,-,100,100,0,Y,-,chared,2026-08-08,,,
8393,NA,PICO,19.6,19.9,H,25.5,-,0,T,4,C,A,S,10% red,-,100,90,0,Y,-,,2026-08-08,,leaf_damage,"% Leaves written as 1 90 (stray tick) and Leaf_Damage letter overwritten (N over Y) - entered 90 and Y, confirm"
8394,NA,PICO,20.6,20.5,H,34.8,-,0,T,4,C,OK,S,-,-,100,100,0,N,-,,2026-08-08,,,
8395,NA,PIEN,17.8,18.1,H,31.2,-,0,T,4,C,OK,S,-,-,100,100,0,N,-,3 leaders,2026-08-08,,,
8396,NA,PICO,19.7,19.9,H,33.0,-,0,T,4,C,A,S,10% red,-,100,100,0,Y,-,chared,2026-08-08,,,
8397,NA,PICO,17.1,17.2,H,23.2,-,0,T,4,C,A,S,10% red,-,100,100,0,Y,-,,2026-08-08,,,
8398,NA,PICO,12.7,12.8,H,29.6,-,0,T,3,I,A,S,20% red,-,60,100,0,Y,1,"broken leader, new leader",2026-08-08,,,
8399,NA,PICO,18.1,18.4,H,30.3,-,0,T,4,C,A,L,-,-,100,100,10,Y,-,,2026-08-08,,,
8400,NA,PICO,12.0,12.0,H,15.4,-,0,T,3,I,A,S,10% red,-,80,100,0,Y,-,"chared, 2 leaders, one dead",2026-08-08,,row,"Page header date reads like 'P/8/26' - taken as 8/8/26 (matches pages 1-3), confirm"
8401,NA,PIEN,17.3,17.4,H,31.0,-,0,T,4,C,A,S,BW,-,100,80,0,Y,-,,2026-08-08,,,
8402,NA,ABLA,,,,NA,,,,,,D,S,,,,,,,,,2026-08-08,Y,,
8403,NA,PIEN,7.4,7.7,H,11.6,-,0,T,3,I,A,S,-,-,100,100,0,N,3,,2026-08-08,,,
8404,NA,ABLA,,,,NA,,,,,,D,U,,,,,,,,,2026-08-08,Y,,
8405,NA,PICO,17.9,18.1,H,23.5,-,0,T,3,C,OK,S,-,-,100,100,0,N,-,,2026-08-08,,,
8406,NA,PICO,19.9,19.6,H,33.7,-,0,T,3,C,OK,S,-,-,100,100,0,N,-,chared,2026-08-08,,,
8407,NA,PIEN,7.8,7.9,H,13.1,-,0,T,2,S,A,S,-,7.3,80,60,0,Y,2,dead crown,2026-08-08,,,
8408,NA,PICO,20.8,21.1,H,27.7,-,0,T,4,C,A,S,10% red,-,100,100,0,Y,-,chared,2026-08-08,,,
8409,NA,ABLA,,,,NA,,,,,,D,S,,,,,,,,,2026-08-08,Y,,
8410,NA,ABLA,,,,NA,,,,,,D,S,,,,,,,,,2026-08-08,Y,,
8411,NA,PIEN,10.7,10.9,H,13.1,-,0,T,3,I,A,S,BW,-,100,80,0,Y,-,chared,2026-08-08,,,
8412,NA,PIEN,9.1,9.1,H,9.0,-,0,T,3,I,A,S,BW,-,90,80,0,Y,-,,2026-08-08,,pct_leaves,"% Leaves has a stroke through the first digit (70/80) - entered 80, confirm"
8413,NA,PIEN,4.0,-,T,7.6,-,0,T,3,S,A,L,10% red,-,90,90,10,Y,-,,2026-08-08,,,
8414,NA,PIEN,2.3,-,T,3.2,3.3,0,C,2,S,A,S,-,-,90,100,0,N,-,confirmed height,2026-08-08,,,
8415,NA,PIEN,10.0,10.2,H,11.5,-,0,T,3,I,A,S,10% brown,-,100,90,0,Y,-,,2026-08-08,,,
8416,NA,ABLA,5.1,5.0,H,6.5,6.9,0,C,1,S,A,S,BW,-,100,90,0,Y,-,,2026-08-08,,,
8417,NA,ABLA,3.7,-,T,4.8,4.8,0,C,1,S,A,S,10,-,100,90,0,N,1,,2026-08-08,,deathdam_mode,DeathDam_Mode is cut off after '10' (likely '10% ...') - confirm
8418,NA,PICO,21.9,21.6,H,28.3,-,0,T,4,D,A,S,10% red,-,80,80,0,Y,-,popcorn beetle holes,2026-08-08,,,
8419,NA,PIEN,13.2,13.5,H,16.9,-,0,T,3,I,A,S,10% red,-,100,80,0,Y,-,,2026-08-08,,,
8420,NA,PIEN,5.4,5.2,H,7.1,-,0,T,2,S,A,S,BW,-,90,80,0,Y,-,,2026-08-08,,,
8421,NA,PIEN,12.0,12.0,H,14.0,-,0,T,2,S,A,S,10% red,-,90,90,0,Y,-,brooming,2026-08-08,,,
8422,NA,PICO,11.9,11.7,H,12.1,-,0,T,3,I,A,S,-,-,30,40,0,N,-,shares base with 8423,2026-08-08,,,
8423,NA,PICO,22.8,22.5,H,30.5,-,0,T,4,C,A,S,20% red,-,100,100,0,Y,-,,2026-08-08,,,
8424,NA,PIEN,8.5,8.6,H,15.7,-,0,T,3,I,A,L,-,-,90,100,30,N,2,,2026-08-08,,,
8425,NA,ABLA,7.8,7.9,H,9.0,-,0,T,2,I,OK,S,-,-,100,100,0,N,-,,2026-08-08,,,
8426,NA,PIEN,13.3,13.7,H,17.2,-,0,T,3,I,A,S,BW,-,100,90,0,Y,-,chared,2026-08-08,,,
8427,NA,PIEN,6.4,6.5,H,7.3,7.7,0,C,2,S,A,S,"sappy, 10% red",-,100,90,0,Y,-,,2026-08-08,,,
8428,NA,ABLA,,,,NA,,,,,,D,S,,,,,,,,,2026-08-08,Y,,
8429,NA,ABLA,,,,NA,,,,,,D,S,,,,,,,,,2026-08-08,Y,,
8430,NA,PICO,18.4,18.7,H,22.0,-,0,T,4,I,A,L,10% yellow,-,90,90,0,Y,-,chared,2026-08-08,,degrees_leaning,Death_Damage_Status is L (leaning) but Degrees_Leaning is 0 - confirm
8431,NA,PIEN,5.9,5.9,H,9.1,-,0,T,2,S,A,S,-,-,100,90,0,Y,2,shares base with 8432,2026-08-08,,,
8432,NA,PIEN,4.5,4.4,H,7.7,-,0,T,1,S,A,S,BW,4.4,90,90,0,Y,-,chared,2026-08-08,,,
8433,NA,PICO,18.7,18.7,H,30.3,-,0,T,4,C,A,S,20% red,-,100,100,0,Y,-,,,,,
8434,NA,PICO,16.8,16.0,H,23.8,-,0,T,4,C,A,S,10% red,-,90,90,0,Y,-,,,,,
8435,NA,PICO,22.5,22.1,H,29.2,-,0,T,4,C,OK,S,-,-,100,100,0,N,-,correct height,,,,
8436,NA,PICO,17.9,18.2,H,19.5,-,0,T,3,I,OK,S,-,-,100,100,0,N,-,correct height,,,,
8437,NA,PIEN,1.5,-,T,1.3,1.3,0,C,1,S,A,S,30% brown BW,-,80,90,0,Y,-,,,,,
8438,NA,PIEN,1.6,-,T,1.3,1.6,0,C,1,S,A,S,10% brown BW,-,60,60,0,Y,2,burl,,,,
8439,NA,PIEN,2.0,-,T,2.9,2.6,0,C,1,S,A,S,10% brown BW,-,90,100,0,Y,1,,,,,
8440,NA,ABLA,16.5,16.8,H,17.8,-,0,T,3,I,A,S,BW,-,100,90,0,Y,1,,,,,
8441,NA,PICO,15.2,15.2,H,22.0,-,0,T,3,I,A,S,10% red,-,80,90,0,Y,-,,,,,
8442,NA,PICO,15.6,16.0,H,19.0,-,0,T,4,C,A,S,10% red,-,90,100,0,Y,-,chared,,,,
8443,NA,PIEN,7.4,7.6,H,8.3,-,0,T,2,I,A,L,10% yellow,-,70,90,10,Y,-,bend at base,,,,
8444,NA,ABLA,2.8,-,T,3.6,3.7,0,C,1,S,A,S,20% brown BW,-,100,100,0,Y,-,,,,,
8445,NA,PIEN,14.6,14.7,H,22.2,-,0,T,4,C,A,L,-,-,100,100,10,N,-,chared,,,,
8446,NA,PICO,,,,NA,,,,,,D,S,,,,,,,,,,Y,,
8447,NA,PIEN,2.8,-,T,4.3,4.1,0,C,1,S,A,S,10% brown BW,-,100,90,0,Y,-,bent at base,,,,
8448,NA,PIEN,4.2,-,T,6.1,6.4,0,C,1,S,A,S,-,-,100,100,0,N,2,,,,,
8449,NA,PIEN,6.9,7.1,H,8.5,-,0,C,2,I,A,S,-,-,90,90,0,N,2,,,,dbh_method,DBH_Method is C but only one DBH was recorded (tape/T expected with a single DBH) - confirm
8450,NA,PICO,17.9,18.1,H,25.4,-,0,T,3,C,A,S,10% red,-,100,90,0,Y,-,chared,,,,
8451,NA,PIEN,4.1,-,T,5.6,5.6,0,C,1,S,OK,S,-,-,100,100,0,N,-,bent at base,,,,
8452,NA,PICO,17.4,17.5,H,25.0,-,0,T,4,C,A,S,"sappy, popcorn beetle",-,100,100,0,N,-,chared,,,,
8453,NA,PIEN,5.7,5.9,H,8.2,-,0,T,2,S,A,S,BW,-,80,90,0,Y,+,chared,,,wounded_trunk,Wounded_Trunk looks like a plus sign (+) - confirm
8454,NA,PICO,18.6,18.8,H,37.7,-,0,T,4,C,A,S,10% red,-,100,100,0,Y,-,chared,,,,
8455,NA,ABLA,3.6,-,T,4.7,4.7,0,C,1,S,A,S,BW,-,100,90,0,Y,-,,,,,
8456,NA,PICO,17.9,17.6,H,28.9,-,0,T,4,C,A,S,sappy beetle,-,70,100,0,N,-,"beetle bore holes, popcorn sap",,,,
8457,NA,PIEN,,,,NA,,,,,,D,S,,,,,,,,,,Y,,
8458,NA,PIEN,7.7,8.0,H,12.2,-,0,T,2,I,D,S,bore holes,-,0,0,0,N,0,,,,,
8459,NA,PICO,21.4,20.9,H,30.7,-,0,T,4,C,OK,S,-,-,100,100,0,N,-,,,,,
8460,NA,ABLA,9.0,9.1,H,17.9,-,0,T,3,I,A,S,10% red,8.3,90,90,0,Y,1,,,,,
8461,NA,ABLA,4.0,-,T,6.7,6.4,0,C,3,S,A,S,BW,-,100,90,0,Y,,,,,,
8462,NA,ABLA,,,,NA,,,,,,D,S,,,,,,,,,,Y,,
8463,NA,PIEN,8.9,9.2,H,12.4,-,-0.1,T,2,I,A,S,-,-,100,80,0,Y,-,measured at nail,,,,
8464,NA,PIEN,9.6,9.6,H,10.5,-,0,T,3,I,A,S,BW,-,60,90,0,Y,-,,,,,
8465,NA,PIEN,8.3,8.4,H,9.7,-,0,T,2,I,A,S,BW,-,90,90,0,Y,-,"dead top, highest point alive",,,,
8466,NA,PIEN,8.6,8.7,H,12.2,-,0,T,2,I,A,S,-,-,100,70,0,N,-,,2026-08-08,,,
8467,NA,PIEN,9.1,9.3,H,10.6,-,0,T,2,I,A,S,sappy,-,100,80,0,N,-,,2026-08-08,,,
8468,NA,PIEN,9.3,9.4,H,9.5,-,0,T,2,I,A,S,BW,-,90,90,0,Y,-,,2026-08-08,,,
8469,NA,PIEN,8.5,8.6,H,10.1,-,0,T,2,I,D,S,-,0,0,0,0,-,-,,2026-08-08,,deathdam_mode,"DeathDam_Mode has a faint mark (looks like 'B') - entered as a dash, confirm"
8470,NA,PIEN,5.8,5.9,H,8.0,-,0,T,2,S,A,S/L,BW,6.0,60,80,0,Y,-,dead crown,2026-08-08,,,
8471,NA,PIEN,11.6,11.8,H,20.5,-,0,T,3,C,A,S,BW,-,90,60,0,Y,-,,2026-08-08,,,
8472,NA,PICO,3.1,-,T,4.0,4.0,0,C,3,I,A,L,40% brown,-,90,90,20,Y,-,,2026-08-08,,leaf_damage,"Leaf_Damage letter is overwritten (N over Y) - entered Y, confirm"
8473,NA,ABLA,3.5,-,T,6.5,-,0,T,3,S,A,S,BW,-,100,90,0,Y,-,,2026-08-08,,,
8474,NA,PIEN,8.0,7.9,H,10.3,-,0,T,3,I,A,S,10% yellow,5.9,70,90,0,Y,-,checked height,2026-08-08,,,
8475,NA,PIEN,6.9,7.1,H,11.2,-,0,T,3,I,A,S,BW sappy,-,100,90,0,Y,-,chared,2026-08-08,,,
8476,NA,PIEN,,,,NA,,,,,,D,S,,,,,,,,,2026-08-08,Y,,
8477,NA,PICO,1.9,-,T,1.8,1.8,-,C,1,S,A,S,10% red,-,100,90,0,Y,2,,2026-08-08,,height1,"Height_1 reads 7.9 / 1.9 - entered 1.9 (DBH is 1.8); also DBH_HOM is a dash on this whole sheet, entered as written, confirm"
8478,NA,ABLA,4.5,-,T,6.8,-,-,T,2,S,A,S,BW 20% red,-,100,80,0,Y,-,,2026-08-08,,,
8479,NA,ABLA,2.7,-,T,3.0,-,-,T,2,S,A,S,BW 10% red,-,90,100,0,Y,-,,2026-08-08,,cii,"CII reads like 2 with an extra stroke - entered 2, confirm"
8480,NA,ABLA,5.9,-,T,7.1,-,-,T,4,S,A,S,BW 10% red,5.8,90,90,0,Y,-,,2026-08-08,,,
8481,NA,ABLA,1.9,-,T,1.7,1.7,-,C,2,S,A,S,-,-,100,100,0,N,-,,2026-08-08,,,
8482,NA,PIEN,4.3,-,T,7.0,-,-,T,3,S,A,S,BW,-,90,80,0,Y,1,,2026-08-08,,,
8483,NA,PIEN,2.4,-,T,3.5,3.7,-,C,2,S,A,S,BW 20% red sappy,-,100,100,0,Y,-,,2026-08-08,,,
8484,NA,PICO,2.5,-,T,2.7,2.8,-,C,3,S,A,S,-,-,100,100,0,N,-,,2026-08-08,,,
8485,NA,ABLA,2.1,-,T,1.9,2.0,-,C,2,S,OK,S,-,-,100,100,0,N,-,,2026-08-08,,row,"Row has a line drawn through DeathDam_Status / DeathDam_Mode and the crown/leaves numbers look faint - entered as read, confirm"
8486,NA,PIEN,1.6,-,T,2.0,2.0,-,C,1,S,A,L,-,-,100,100,30,N,1,bent over at DBH,2026-08-08,,,
8487,NA,ABLA,2.3,-,T,2.9,3.0,-,C,2,S,A,S,BW,-,100,100,0,Y,-,light BW,2026-08-08,,,
8488,NA,ABLA,3.1,-,T,3.7,3.6,-,C,3,S,A,S,BW,-,100,100,0,Y,-,light BW,2026-08-08,,,
8489,NA,ABLA,2.5,-,T,2.0,2.0,-,C,2,S,A,S,BW,-,100,100,0,Y,1,choked by collar (non-fixed),2026-08-08,,,
8490,NA,PIEN,0.6,-,T,3.3,3.2,-,C,2,S,A,L,sappy,-,70,70,90,N,-,under 8491,2026-08-08,,,
8491,NA,ABLA,,,,NA,,,,,,D,U,,,,,,,,,2026-08-08,Y,,
8492,NA,ABLA,3.8,-,T,6.2,-,-,T,4,S,A,S,BW,3.7,100,90,0,Y,-,dead at top,2026-08-08,,,
8493,NA,ABLA,2.5,-,T,3.5,3.5,-,C,3,S,A,S,BW 20% yellow,-,100,100,0,Y,-,,2026-08-08,,,
8494,NA,PIEN,2.3,-,T,2.6,2.7,-,C,3,S,A,S,BW,-,100,100,0,Y,-,light BW,2026-08-08,,deathdam_mode,"DeathDam_Mode reads 'BV' (likely BW) - entered BW, confirm"
8495,NA,PICO,2.7,-,T,3.5,3.0,-,C,2,S,A,L,10% red,-,100,100,5,Y,-,,2026-08-08,,pct_leaves,% Leaves reads 106 (a 100 with an extra mark) - entered 100
8496,NA,PIEN,2.9,-,T,3.3,3.4,-,C,2,S,A,S,-,-,100,100,0,N,-,,2026-08-08,,,
8497,NA,ABLA,2.6,-,T,2.9,3.0,-,C,3,S,A,S,BW 10% red,-,90,90,0,Y,2,deep narrow trunk wound,2026-08-08,,degrees_leaning,"Degrees_Leaning is a triangle-like scribble - entered 0, confirm"
8498,NA,ABLA,2.6,-,T,3.1,3.1,-,C,3,S,A,S,BW 20% yellow,-,100,100,0,Y,-,,2026-08-08,,pct_crown,"% Crown / % Leaves have extra marks (look like 105 / 700) - entered 100 / 100, confirm"
8499,NA,PICO,6.0,-,T,9.1,-,-,T,4,S,OK,S,-,-,100,100,0,N,-,,2026-08-08,,row,"Row has a line drawn through DeathDam_Status through Leaf_Damage and faint crown/leaves numbers - entered as read, confirm; DBH_1 reads 9.7 / 9.1 (entered 9.1); DBH_HOM is a dash on this whole sheet"
8500,NA,PICO,2.1,-,T,1.5,1.6,-,C,2,S,A,S,sappy 10% red,-,100,100,0,Y,1,next to 8499,2026-08-08,,,
8501,NA,PIEN,12.6,12.2,H,18.5,-,-,T,3,I,A,S,BW,-,100,70,0,Y,-,mistagged dead tree leaning on it,2026-08-08,,degrees_leaning,"Degrees_Leaning is a scribble (loop) - entered 0, confirm; comment partly hard to read"
8502,NA,ABLA,2.2,-,T,3.1,3.2,-,C,4,S,A,S,BW,-,100,100,0,Y,-,,2026-08-08,,,
8503,NA,PICO,1.8,-,T,1.2,1.2,-,C,3,S,A,S,-,-,100,90,0,N,-,,2026-08-08,,,
8504,NA,PIEN,2.4,-,T,3.4,3.6,-,C,3,S,A,S,BW,-,100,90,0,Y,-,,2026-08-08,,,
8505,NA,ABLA,3.2,-,T,4.8,4.8,-,C,4,S,A,S,BW,-,100,100,0,Y,-,,2026-08-08,,,
8506,NA,PICO,3.5,-,T,6.3,-,-,T,4,S,A,L,10% red,-,100,90,5,Y,2,,2026-08-08,,leaf_damage,"Leaf_Damage letter is overwritten (Y over N) - entered Y, confirm"
8507,NA,ABLA,1.9,-,T,1.8,2.0,-,C,2,S,A,S,BW 20% red,-,90,100,0,Y,-,,2026-08-08,,,
8508,NA,ABLA,1.9,-,T,1.9,1.9,-,C,3,S,A,S,BW,-,100,100,0,Y,-,,2026-08-08,,,
8509,NA,PIEN,6.4,6.7,H,10.5,-,-,T,2,S,A,S,beetles,-,90,90,0,N,-,shedding bark,2026-08-08,,pct_crown,"% Crown looks like 70 written over 90 - entered 90, confirm"
8510,NA,PIEN,10.6,10.9,H,18.4,-,-,T,3,I,D,S,"beetle holes, sappy, crack",-,0,0,0,-,-,,2026-08-08,,,
8511,NA,PICO,17.3,17.5,H,30.5,-,-,T,4,C,A,S,bark beetles 60% red,-,80,80,0,Y,2,will likely die soon to bark beetles,2026-08-08,,,
8512,NA,ABLA,,,,NA,,,,,,D,S,,,,,,,,,2026-08-08,Y,,
8513,NA,ABLA,,,,NA,,,,,,D,B,,,,,,,,,2026-08-08,Y,,
8514,NA,PIEN,,,,NA,,,,,,D,S,,,,,,,,,2026-08-08,Y,,
8515,NA,PIEN,,,,NA,,,,,,D,S,,,,,,,,,2026-08-08,Y,,
8516,NA,PIEN,12.3,12.9,H,16.3,16.9,-,T,4,I,A,S,"beetle holes, sappy, crack",-,100,90,0,N,-,DBH measured above and below nail,2026-08-08,,,
8517,NA,PIEN,11.4,11.0,H,16.6,-,-,T,3,I,A,S,sappy BW,-,100,80,0,Y,-,,2026-08-08,,,
8518,NA,ABLA,14.9,14.9,H,26.9,-,-,T,3,C,A,S,10% yellow,-,70,90,0,Y,1,,2026-08-08,,,
8519,NA,ABLA,1.9,-,T,1.7,1.7,-,C,2,S,A,S,BW 10% red,-,100,100,0,Y,-,,2026-08-08,,,
8520,NA,ABLA,5.6,5.4,H,7.2,-,-,T,3,S,A,S,BW,-0.2,100,90,0,Y,-,dead at top,2026-08-08,,living_length,"Living_Length reads 0.2 with a dash in front (-0.2) - entered -0.2, confirm"
8521,NA,ABLA,2.5,-,T,3.4,3.4,-,C,1,S,A,S,BW,-,100,90,0,Y,-,shares base with 8520,2026-08-08,,,
8522,NA,PIEN,8.9,8.7,H,13.5,-,-,T,2,I,A,S,-,-,80,70,0,N,1,flaking bark,2026-08-08,,,
8523,NA,PICO,20.3,20.5,H,41.5,-,-,T,4,C,A,S,sappy,-,70,70,0,N,-,,2026-08-08,,comment,Pre-printed comment '4 leaders' has a check mark next to it - not entered; confirm whether it should be
8524,NA,PICO,12.7,13.1,H,19.6,-,-,T,2,I,A,S,20% red,-,60,70,0,Y,-,,2026-08-08,,,
8525,NA,ABLA,1.8,-,T,1.9,2.0,-,C,1,S,A,S,BW,-,100,100,0,Y,-,light BW,2026-08-08,,,
8526,NA,PICO,15.9,16.1,H,25.8,-,-,T,3,I,A,S,sappy,-,90,90,0,N,-,,2026-08-08,,,
8527,NA,PIEN,16.3,16.5,H,20.3,-,-,T,3,C,A,S,sappy,-,100,80,0,N,-,,2026-08-08,,,
8528,NA,ABLA,11.6,11.6,H,16.5,-,-,T,2,I,A,S,sappy BW,-,20,80,0,Y,1,,2026-08-08,,,
8529,NA,ABLA,,,,NA,,,,,,D,S,,,,,,,,,2026-08-08,Y,,
8530,NA,PIEN,9.4,9.2,H,11.4,-,-,T,1,S,A,S,sappy,-,80,80,0,N,-,,2026-08-08,,,
8531,NA,PIEN,11.3,11.5,H,14.3,-,-,T,2,I,A,S,BW,-,100,90,0,Y,-,,2026-08-08,,,
8532,NA,ABLA,,,,NA,,,,,,D,L,,,,,,,,,2026-08-08,Y,,
8533,NA,PIEN,1.6,-,T,1.8,1.6,-,C,1,S,A,L,BW,-,90,90,20,Y,1,tree fallen on it,2026-08-08,,,
8534,NA,PIEN,14.4,14.7,H,19.6,-,-,T,3,I,A,S,sappy,-,100,100,0,N,-,,2026-08-08,,pct_crown,"% Crown / % Leaves have extra marks (look like 105 / 200) - entered 100 / 100, confirm"
8535,NA,PIEN,6.7,6.9,H,11.5,-,-,T,2,S,A,S,BW,5.8/5.6,70,80,0,Y,-,,2026-08-08,,living_length,Two living-length values circled together (5.8 / 5.6) - kept both
8536,NA,PICO,9.7,9.8,H,8.3,-,-,T,2,I,A,S,-,-,80,90,0,N,2,burl - dead top,2026-08-08,,height1,"Height_1 overwritten (8.7 / 9.7) - entered 9.7, confirm"
8537,NA,ABLA,12.1,12.5,H,16.9,-,-,T,3,I,A,S,BW,10.4/10.9,80,90,0,Y,1,dead top,2026-08-08,,living_length,Two living-length values circled together (10.4 / 10.9) - kept both
8538,NA,ABLA,3.5,-,T,4.9,4.9,-,C,2,S,A,S,5% yellow,3.4,70,70,0,Y,-,dead top,2026-08-08,,dbh1,"DBH_1 overwritten (looks like 4.9 over 4.7) - entered 4.9, confirm"
8539,NA,PICO,18.6,18.9,H,18.2,-,-,T,4,C,A,S,-,-,80,80,0,N,-,shares base with 8540,2026-08-08,,,
8540,NA,PICO,17.9,18.2,H,17.9,-,0.2,T,4,C,A,S,-,-,70,80,0,N,-,shares base with 8539; measured at nail,2026-08-08,,,
8541,NA,PICO,17.8,17.7,H,29.2,-,-,T,2,I,A,S,-,-,100,90,0,N,2,2 leaders; split just above DBH,2026-08-08,,,
8542,NA,ABLA,2.1,-,T,2.5,2.6,-,C,1,S,A,S,BW,-,100,100,0,Y,-,,2026-08-08,,,
8543,NA,PICO,17.3,17.4,H,22.6,-,-,T,3,I,A,S,sappy,-,90,90,0,N,-,,2026-08-08,,,
8544,NA,PICO,16.6,17.0,H,18.8,-,-,T,3,I,A,L,10% red,-,100,80,5,N,-,,2026-08-08,,,
8545,NA,PICO,15.7,16.2,H,21.2,-,-,T,4,I,A,S,sappy,-,90,70,0,N,1,,2026-08-08,,,
8546,NA,PIEN,4.3,-,T,6.6,-,-,T,1,S,A,S,10% red,-,80,70,0,N,4,,2026-08-08,,row,"Row is messy (overwritten crown 60/80, faint mode, Wounded_Trunk reads 4) - entered as read, confirm"
8547,NA,ABLA,8.8,8.7,H,12.6,-,-,T,1,I,A,S,-,-,90,90,0,N,-,,2026-08-08,,,
8548,NA,PICO,21.7,21.3,H,38.4,-,-,T,5,D,A,S,2% red,-,100,90,0,N,1,bent at base,2026-08-08,,,
8549,NA,PICO,17.8,18.2,H,24.8,-,-,T,4,I,A,S,-,-,80,90,0,N,-,curved trunk,2026-08-08,,,
8550,NA,PIEN,8.4,8.5,H,13.9,-,-,T,2,I,A,S,-,-0.1,90,90,0,N,-,dead top,2026-08-08,,living_length,Living_Length is negative (-0.1) - confirm
8551,NA,PIEN,8.9,8.5,H,12.6,-,-,T,2,I,A,S,-,-,100,80,0,N,-,,2026-08-08,,,
8552,NA,PIEN,12.3,11.1,H,14.7,-,-,T,2,I,A,S,-,-,90,90,0,N,-,,2026-08-08,,,
8553,NA,PIEN,16.3,16.7,H,20.1,-,-,T,2,I,A,S,-,-,90,90,0,N,-,,2026-08-08,,,
8554,NA,PIEN,5.3,5.4,H,8.3,-,-,T,2,S,A,S,BW,-,100,90,0,Y,-,,2026-08-08,,,
8555,NA,PICO,19.4,19.2,H,29.8,-,-,T,4,C,A,S,-,-,100,90,0,N,-,,2026-08-08,,,
8556,NA,PIEN,2.0,-,T,3.1,3.1,-,C,1,S,A,S,10% yellow,-,100,90,0,N,-,,2026-08-08,,,
8557,NA,PIEN,10.9,11.3,H,12.1,-,-,T,2,I,A,S,-,-,100,80,0,N,-,,2026-08-08,,,
8558,NA,ABLA,2.3,-,T,3.3,3.3,-,C,2,S,A,S,BW 5% yellow,-,100,100,0,Y,-,light BW,2026-08-08,,,
8559,NA,PIEN,18.2,18.4,H,24.5,-,-,T,4,C,A,S,sappy BW,-,100,100,0,Y,-,,2026-08-08,,,
8560,NA,PIEN,14.4,14.4,H,20.4,-,-,T,2,I,A,S,sappy,-,100,80,0,N,1,,2026-08-08,,,
8561,NA,PICO,18.5,18.7,H,23.3,-,-,T,4,C,A,S,-,-,90,80,0,N,-,,2026-08-08,,,
8562,NA,ABLA,13.9,14.2,H,16.7,-,-,T,2,I,D,L,sappy 100% red crack,-,0,20,10,N,1,,2026-08-08,,,
8563,NA,PIEN,5.3,5.2,H,5.3,5.4,-,C,1,S,A,S,-,-,90,80,0,N,-,shares base with 8564,2026-08-08,,,
8564,NA,PIEN,7.2,7.0,H,8.5,-,-,T,1,S,A,S,-,-,80,80,0,N,-,shares base with 8563,2026-08-08,,,
8565,NA,PIEN,15.1,15.3,H,20.4,-,-,T,3,I,A,S,-,-,90,80,0,N,-,,2026-08-08,,pct_crown,"% Crown has an overwritten digit (98 / 90) - entered 90, confirm"
8566,NA,PIEN,4.3,-,T,3.1,3.1,-,C,1,S,A,S,-,2.8,30,90,0,N,-,,2026-08-08,,pct_leaves,"% Leaves overwritten (10 / 90) - entered 90, confirm"
8567,NA,PIEN,10.8,10.3,H,15.2,-,-,T,2,I,A,S,-,-,90,70,0,N,-,,2026-08-08,,,
8568,NA,PIEN,14.6,14.7,H,17.9,-,-,T,3,I,A,S,-,-,70,80,0,N,-,,2026-08-08,,,
8569,NA,PIEN,5.5,-,T,5.7,5.5,-,C,1,S,A,L,-,-,90,90,10,N,-,,2026-08-08,,,
8570,NA,PIEN,3.2,-,T,4.0,4.2,-,C,1,S,A,S,-,-,70,90,0,N,-,,2026-08-08,,,
8571,NA,PIEN,4.5,-,T,4.2,4.3,-,C,1,S,A,S,-,-,80,80,0,N,-,,2026-08-08,,,
8572,NA,PIEN,4.1,-,T,5.2,4.6,-,C,1,S,A,S,-,-,50,70,0,N,3,,2026-08-08,,,
8573,NA,ABLA,2.8,-,T,3.4,3.3,-,C,1,S,A,S,10% red,-,80,90,0,N,-,,2026-08-08,,,
8574,NA,PIEN,3.7,-,T,3.3,3.2,-,C,1,S,A,S,-,-,70,70,0,N,-,,2026-08-08,,,
8575,NA,PIEN,1.6,-,T,1.1,1.1,-,C,1,S,A,S,-,-,90,90,0,N,1,,2026-08-08,,,
8576,NA,ABLA,,,,NA,,,,,,D,S,,,,,,,,,2026-08-08,Y,,
8577,NA,ABLA,9.7,9.9,H,11.9,-,-,T,2,I,A,S,5% red,-0.2,90,70,0,N,-,,2026-08-08,,living_length,"Living_Length reads 0.2 with a dash in front (-0.2) - entered -0.2, confirm"
8578,NA,ABLA,,,,NA,,,,,,D,S,,,,,10,,,,2026-08-08,Y,,
8579,NA,ABLA,,,,NA,,,,,,D,S,,,,,,,,,2026-08-08,Y,,
8580,NA,PIEN,5.4,-,T,6.8,-,-,T,1,S,A,S,-,-,100,90,0,N,-,,2026-08-08,,,
8581,NA,PIEN,10.3,10.4,H,12.4,-,-,T,2,I,A,S,-,-,90,70,0,N,-,,2026-08-08,,height1,"Height_1 is hard to read (looks like 10.3 / 12.3) - entered 10.3, confirm"
8582,NA,PIEN,5.3,5.5,H,8.2,-,-,T,1,S,A,S,BW,-,100,80,0,N,-,,2026-08-08,,leaf_damage,"Leaf_Damage letter is overwritten (X/N) - entered N, confirm"
8583,NA,PIEN,18.6,18.2,H,36.0,-,-,T,4,C,A,S,-,-,100,90,0,N,-,,2026-08-08,,degrees_leaning,"Degrees_Leaning is an unclear scribble (looks like 3 or 8) - entered 0, confirm"
8584,NA,PICO,16.5,16.7,H,20.0,-,-,T,3,I,A,S,-,-,90,80,0,N,-,,2026-08-08,,,
8585,NA,ABLA,2.1,-,T,2.3,2.3,-,C,1,S,A,S,BW 20% red,-,100,100,0,N,-,,2026-08-08,,,
8586,NA,PIEN,17.9,18.2,H,24.3,-,-,T,3,C,A,S,sappy,-,100,100,0,N,-,,2026-08-08,,,
8587,NA,PICO,13.9,14.2,H,14.4,-,-,T,2,I,A,S,-,-,80,70,0,N,1,,2026-08-08,,,
8588,NA,PICO,15.3,14.9,H,25.7,-,-,T,3,I,A,S,10% yellow,-,90,90,0,N,-,,2026-08-08,,,
8589,NA,PICO,19.0,19.3,H,38.0,-,-,T,4,D,A,S,20% yellow,-,90,100,0,N,-,,2026-08-08,,pct_crown,"% Crown looks like 10 or 90 - entered 90, confirm"
8590,NA,ABLA,6.7,7.1,H,12.5,-,-,T,2,S,A,S,-,-,40,30,0,N,-,,2026-08-08,,,
8591,NA,POTR,4.5,-,T,4.2,4.1,-,C,2,S,A,S,-,4.4,80,100,0,N,2,slightly,2026-08-08,,comment,Handwritten comment after the pre-printed 'height to highest living = 4.1 m' is cut off ('slightly ...') - confirm
8600,NA,ABLA,1.6,-,T,1.1,1.2,-,C,3,S,A,S,10% yellow,-,100,100,0,Y,2,"out of sequence; Geotag F, ref 8482, dist 1.5m, dir 199 deg",2026-08-08,,comment,Geotag ref/dist/dir columns are not in the template - folded into Comment; geotag ref overwritten (8482)
9903,NA,PIEN,1.7,-,T,1.1,1.1,-,C,1,S,A,S,10% yellow,-,100,100,0,Y,-,"out of sequence; Geotag F, ref 8488, dist 1.7m, dir 278 deg",2026-08-08,,comment,"Geotag ref/dist/dir columns are not in the template - folded into Comment; geotag ref reads 8488 / 8481, entered 8488"
9904,NA,ABLA,2.0,-,T,2.1,2.1,-,C,3,S,A,S,BW,-,100,100,0,N,-,"out of sequence; Geotag F, ref 8506, dist 1.1m, dir 164 deg",2026-08-08,,comment,Geotag ref/dist/dir columns are not in the template - folded into Comment; DeathDam_Mode has extra faint pencil text after BW
9905,NA,ABLA,1.5,-,T,1.1,1.0,-,C,3,S,A,S,BW,-,100,100,0,Y,-,"out of sequence; Geotag F, ref 8504, dist 1.6m, dir 344 deg",2026-08-08,,comment,Geotag ref/dist/dir columns are not in the template - folded into Comment
9907,NA,ABLA,1.5,-,T,1.1,1.1,-,C,2,S,A,S,10% yellow,-,90,90,0,Y,-,"out of sequence; Geotag F, ref 8523, dist 1.8m, dir 140 deg",2026-08-08,,comment,"Geotag ref/dist/dir columns are not in the template - folded into Comment; tag reads 9907 / 9970, entered 9907 - confirm"
9908,NA,ABLA,1.9,-,T,1.6,1.5,-,C,2,S,A,S,BW 10% yellow,-,100,100,0,Y,-,"out of sequence; Geotag F, ref 8565, dist 2.5m, dir 140 deg",2026-08-08,,comment,Geotag ref/dist/dir columns are not in the template - folded into Comment
