tag,prev_tag_sheet,sp_code,height1,height2,height_method,dbh1,dbh2,dbh_hom,dbh_method,cii,canopy_pos,survival_status,deathdam_status,deathdam_mode,living_length,pct_crown,pct_leaves,degrees_leaning,leaf_damage,wounded_trunk,comment,row_date,crossed_out,source,unclear_flags,geotagged,geotag_ref,geotag_dist,geotag_dir
7501,,,13.5,13.5,H,16.3,-,0,T,3,I,A,S,-,-,100,80,0,Y,-,,2026-08-05,,p01_b1,"Sheet 1/13 header Notes, handwritten: 'BW=budworm' and 'spp on 8221 ABLA' (no column for these)",,,,
7502,,,16.3,16.1,H,33.2,-,0,T,4,C,A,S,10% brown,-,100,90,0,Y,2,,2026-08-05,,p01_b1,,,,,
7503,,,2.7,-,T,4.5,-,0,C,1,S,A,S,10% Brown,-,100,90,0,Y,-,,2026-08-05,,p01_b1,,,,,
7504,,,16.1,16.3,H,30.2,-,0,T,4,C,A,S,-,-,90,100,0,N,2,new leader,2026-08-05,,p01_b1,,,,,
7505,,,5.7,5.9,H,6.4,6.2,0,C,2,I,A,S,BW,-,90,90,0,Y,1,,2026-08-05,,p01_b1,,,,,
7506,,,9.0,9.1,H,11.2,-,0,T,3,I,A,S,BW,-,100,80,0,Y,-,,2026-08-05,,p01_b1,,,,,
7507,,,-,-,-,-,-,-,T,-,-,D,S,-,-,0,0,0,-,-,,2026-08-05,,p01_b1,"dbh1: dark dash written over a faint, erased-looking '13.8'; entered the dash. Printed 'NA' below not entered | dbh_hom: dark dash written over a faint, erased-looking '0'; entered the dash. Printed 'NA' below not entered",,,,
7508,,,2.2,-,T,2.0,2.0,0,C,1,S,A,S,BW,-,90,80,0,Y,-,,2026-08-05,,p01_b2,"dbh1: faint, erased-looking '7' at the start of the cell; entered the darker '2.0'",,,,
7509,,,3.7,-,T,6.6,5.5,0,C,2,S,A,S,BW,-,90,90,0,Y,-,,2026-08-05,,p01_b2,,,,,
7510,,,1.7,-,T,1.4,1.5,0,C,2,S,A,L,"BW, sappy",-,90,90,10,Y,-,,2026-08-05,,p01_b2,,,,,
7511,,,13.4,13.6,H,20.4,-,0,T,4,I,A,S,BW in past,-,100,90,0,Y,-,,2026-08-05,,p01_b2,"canopy_pos: faint, erased-looking '4' before the 'I'; entered the darker 'I'",,,,
7512,,,8.7,8.6,H,16.2,-,0,T,3,I,A,S,10% red,-,100,90,0,Y,2,2 leaders,2026-08-05,,p01_b2,"canopy_pos: faint, erased-looking '3' before the 'I'; entered the darker 'I'",,,,
7513,,,10.4,10.1,H,20.5,-,0,T,4,I,A,S,BW,9.8,90,80,0,Y,1,dead crown,2026-08-05,,p01_b2,"pct_crown: faint, erased '1' before the 90; entered the darker '90'",,,,
7514,,,19.2,19.5,H,25.1,-,0,T,4,D,A,S,-,-,100,90,0,Y,-,,2026-08-05,,p01_b2,,,,,
7515,,,2.6,-,T,3.2,3.1,0,C,1,S,A,L,BW,-,80,80,20,Y,1,,2026-08-05,,p01_b2,"deathdam_status: faint, erased-looking 'S' under a darker 'L'; entered the L | deathdam_mode: faint, erased-looking word under 'BW' (looks like 'd...ation', maybe 'discoloration'); entered the darker 'BW'",,,,
7516,,,1.7,-,T,1.1,1.2,0,C,1,S,A,S,BW,-,100,90,0,Y,-,curved at base,2026-08-05,,p01_b2,,,,,
7517,,,12.4,12.2,H,22.3,-,0,T,3,I,A,S,-,9.4,80,90,0,Y,-,dead crown,2026-08-05,,p01_b2,"living_length: 9.4 has a box drawn around it | pct_leaves: faint, erased '1' before the 90; entered the darker '90'",,,,
7518,,,1.7,-,T,1.6,1.6,0,C,1,S,A,L,BW,-,100,90,40,Y,2,cracked at base,2026-08-05,,p01_b2,height1: decimal point is unclear (written like '1⌐7'),,,,
7519,,,2.3,-,T,4.4,3.9,0,C,2,S,A,S,BW,-,100,90,0,Y,-,,2026-08-05,,p01_b2,,,,,
7520,,,12.5,12.6,H,16.2,-,0,T,3,I,A,S,-,-,100,100,0,N,2,,2026-08-05,,p01_b2,"comment: 'cracked trunk' is written only faintly (erased-looking), with no darker writing; left blank",,,,
7521,,,14.4,14.4,H,21.2,-,0,T,5,C,OK,S,-,-,100,100,0,N,-,,2026-08-05,,p01_b3,,,,,
7522,,,4.3,-,T,5.6,5.4,0,C,2,I,A,S,BW,-,90,80,0,Y,-,shares base w/7521,2026-08-05,,p01_b3,,,,,
7523,,,1.7,-,T,1.5,1.5,0,C,1,S,A,S,BW,1.6,50,60,0,Y,-,,2026-08-05,,p01_b3,,,,,
7524,,,6.5,6.6,H,12.0,-,0,T,2,I,A,S,-,-,100,100,0,Y,-,,2026-08-05,,p01_b3,"pct_crown: faint, erased-looking digit inside the first 0 (maybe a 9); entered the darker '100' | pct_leaves: faint, erased-looking digit inside the middle 0 (maybe a 9); entered the darker '100'",,,,
7525,,,16.2,16.3,H,37.7,-,0,T,4,C,A,L,-,15.5,90,100,10,Y,-,dead crown,2026-08-05,,p01_b3,"cii: faint, erased-looking digit under the 4 (maybe a 5); entered the darker 4 | pct_crown: faint, erased '1' before the 90; entered the darker '90'",,,,
7526,,,7.6,7.6,H,10.6,-,0,T,3,I,OK,S,-,-,100,100,0,N,-,,2026-08-05,,p01_b3,,,,,
7527,,,16.7,16.8,H,20.2,-,0,T,4,I,OK,S,-,-,100,90,0,Y,-,2 leaders,2026-08-05,,p01_b3,"pct_leaves: faint, erased '1' before the 90; entered the darker '90'",,,,
7528,,,14.9,15.1,H,17.6,-,0,T,3,I,OK,S,-,-,100,100,0,N,2,,2026-08-05,,p01_b3,,,,,
7529,,,3.4,-,T,3.6,3.7,0,C,1,S,A,S,BW,-,100,90,0,Y,-,crown is curved,2026-08-05,,p01_b3,deathdam_status: faint vertical line through the S (maybe an erased L); entered the darker S,,,,
7530,,,3.6,-,T,5.7,5.7,0,C,1,S,A,S,-,-,100,90,0,N,-,,2026-08-05,,p01_b3,,,,,
7531,,,1.5,-,T,1.0,1.1,0,C,1,S,A,S,BW,-,100,90,0,Y,2,,2026-08-05,,p01_b3,,,,,
7532,,,18.3,18.6,H,34.9,-,0,T,5,D,OK,S,-,-,100,100,0,N,-,,2026-08-05,,p01_b3,,,,,
7533,,,2.7,-,T,3.4,3.4,0,C,1,S,A,S,BW,-,100,90,0,Y,-,,2026-08-05,,p01_b3,,,,,
8209,,ABLA,1.7,-,T,1.4,1.4,0,C,3,S,A,S,5% red,-,90,80,-,Y,-,curved at base (ref tree 7589),2026-08-05,,p14_b1,"Sheet 14/13 (new trees), header Notes, handwritten: 'New trees!'. Handwritten check marks in the right margin next to tags 8209-8214 and 8216-8220, and an arrow pointing at 8215's comment",F,7589,1.9,242
8210,,ABLA,1.6,-,T,1.3,1.4,0,C,1,S,A,S,5% red,-,90,90,-,Y,-,"next to 7902, zero illumination",2026-08-05,,p14_b1,geotag_ref: last digit runs into the next column and looks written over (reads 3); comment says next to 7902,F,7903,.6,357
8211,,ABLA,1.8,-,T,1.1,1.0,0,C,2,S,A,L,BW,-,100,100,10°,Y,-,next to 7905,2026-08-05,,p14_b1,geotag_ref: last digit runs into the next column (reads 3); comment says next to 7905,F,7903,1.6,6°
8212,,PIEN,1.5,-,T,1.0,1.1,0,C,3,S,OK,S,-,-,100,100,-,N,-,next to 7572 downhill,2026-08-05,,p14_b1,,F,7572,1.1,314
8213,,PIEN,1.6,-,T,1.2,1.1,0,C,1,S,OK,S,-,-,100,100,-,N,-,next to 7572,2026-08-05,,p14_b1,,F,7572,.35,245
8214,,PIEN,1.5,-,T,1.1,1.2,0,C,1,S,OK,S,-,-,100,100,0,N,-,next to 7555,2026-08-05,,p14_b1,"geotag_ref: ref 7554, but comment says next to 7555",F,7554,1.7,210
8215,,ABLA,1.4,,T,1.5,1.6,0,C,1,S,A,S,BW 10% red,-,40,60,0,Y,-,right next to 7948 dead top new lead,2026-08-05,,p14_b1,"height2: only faint, erased-looking writing ('1.0' with a line through it), no darker writing; left blank | geotag_ref: ref 7949, but comment says right next to 7948",F,7949,1.2,135
8216,,ABLA,1.6,-,T,1.1,1.1,0,C,2,S,OK,S,-,-,100,100,0,N,-,right next to 8022,2026-08-05,,p14_b1,"geotag_ref: ref 7511, but comment says right next to 8022",F,7511,2.0,278
8217,,ABLA,1.6,-,T,1.1,1.1,0,C,1,S,A,S,-,-,100,90,0,Y,-,2 leader,2026-08-05,,p14_b2,,F,8049,0.1,182
8218,,PIEN,1.6,-,T,1.1,1.1,0,C,2,S,A,S,-,-,100,100,0,N,1,down slope from 8067,2026-08-05,,p14_b2,"geotag_ref: ref 8063, but comment says down slope from 8067",F,8063,1.3,45
8219,,PIEN,1.6,-,T,1.1,1.1,0,C,2,S,A,S,BW,-,90,90,0,Y,1,down slope from 8122,2026-08-05,,p14_b2,"geotag_ref: ref 8121, but comment says down slope from 8122",F,8121,2.0,310
8220,,ABLA,1.7,-,T,1.8,1.8,0,C,1,S,A,S,20% red BW,-,100,90,0,Y,1,"2 leaders, close to 8079",2026-08-05,,p14_b2,,F,8079,0.2,300
8221,,ABLA,1.6,-,T,1.1,1.2,0,C,1,S,OK,S,-,-,100,100,0,N,-,"upslope 8176, next to 8177",2026-08-05,,p14_b2,"geotag_ref: ref 8191, but comment says upslope 8176, next to 8177",F,8191,1.4,340
